Workbook

Sheet Inventory
A1: UPC | B1: PRODUCT_GROUP | C1: PRODUCT_NAME | D1: SKU | E1: Fabric | F1: Gender | G1: Category | H1: Style | I1: Design | J1: Color | K1: Size | L1: TYPE_NAME_DETAIL_EN | M1: TYPE_NAME_GROUP | N1: Price
A2: 1002706198035 | B2: Concept | C2: Frame | D2: CCO-EDE-UNI-SOU-FRA-FRA-MIX-0 | E2: =_xlfn.TEXTBEFORE(_xlfn.TEXTAFTER(D2,"-"),"-") -> EDE | F2: =_xlfn.TEXTBEFORE(_xlfn.TEXTAFTER(D2,"-",2),"-") -> UNI | G2: =_xlfn.TEXTBEFORE(_xlfn.TEXTAFTER(D2,"-",3),"-") -> SOU | H2: =_xlfn.TEXTBEFORE(_xlfn.TEXTAFTER(D2,"-",4),"-") -> FRA | I2: =_xlfn.TEXTBEFORE(_xlfn.TEXTAFTER(D2,"-",5),"-") -> FRA | J2: =_xlfn.TEXTBEFORE(_xlfn.TEXTAFTER(D2,"-",6),"-") -> MIX | K2: =_xlfn.TEXTAFTER(D2,"-",7) -> 0 | L2: 0 | M2: Other | N2: =_xlfn.XLOOKUP(A2,[1]SKU!$A:$A,[1]SKU!$Z:$Z) -> 310000
A3: 1003881136072 | B3: Apparel | C3: Flying Stock | D3: GPR-GSL-WOM-TTS-ONE-FST-ORA-L | E3: =_xlfn.TEXTBEFORE(_xlfn.TEXTAFTER(D3,"-"),"-") -> GSL | F3: =_xlfn.TEXTBEFORE(_xlfn.TEXTAFTER(D3,"-",2),"-") -> WOM | G3: =_xlfn.TEXTBEFORE(_xlfn.TEXTAFTER(D3,"-",3),"-") -> TTS | H3: =_xlfn.TEXTBEFORE(_xlfn.TEXTAFTER(D3,"-",4),"-") -> ONE | I3: =_xlfn.TEXTBEFORE(_xlfn.TEXTAFTER(D3,"-",5),"-") -> FST | J3: =_xlfn.TEXTBEFORE(_xlfn.TEXTAFTER(D3,"-",6),"-") -> ORA | K3: =_xlfn.TEXTAFTER(D3,"-",7) -> L | L3: Tank Top Sleeveless | M3: Tank Top | N3: =_xlfn.XLOOKUP(A3,[1]SKU!$A:$A,[1]SKU!$Z:$Z) -> 750000
A4: 1008462507470 | B4: Apparel | C4: Flying Fish | D4: GPR-GCV-MEN-SIS-BUT-FLH-WHI-L | E4: =_xlfn.TEXTBEFORE(_xlfn.TEXTAFTER(D4,"-"),"-") -> GCV | F4: =_xlfn.TEXTBEFORE(_xlfn.TEXTAFTER(D4,"-",2),"-") -> MEN | G4: =_xlfn.TEXTBEFORE(_xlfn.TEXTAFTER(D4,"-",3),"-") -> SIS | H4: =_xlfn.TEXTBEFORE(_xlfn.TEXTAFTER(D4,"-",4),"-") -> BUT | I4: =_xlfn.TEXTBEFORE(_xlfn.TEXTAFTER(D4,"-",5),"-") -> FLH | J4: =_xlfn.TEXTBEFORE(_xlfn.TEXTAFTER(D4,"-",6),"-") -> WHI | K4: =_xlfn.TEXTAFTER(D4,"-",7) -> L | L4: Shirt Short Sleeves | M4: Shirt | N4: =_xlfn.XLOOKUP(A4,[1]SKU!$A:$A,[1]SKU!$Z:$Z) -> 1790000
A5: 1018774360946 | B5: Concept | C5: Constable | D5: CCO-DSP-UNI-BAG-HDB-CON-RGN-0 | E5: =_xlfn.TEXTBEFORE(_xlfn.TEXTAFTER(D5,"-"),"-") -> DSP | F5: =_xlfn.TEXTBEFORE(_xlfn.TEXTAFTER(D5,"-",2),"-") -> UNI | G5: =_xlfn.TEXTBEFORE(_xlfn.TEXTAFTER(D5,"-",3),"-") -> BAG | H5: =_xlfn.TEXTBEFORE(_xlfn.TEXTAFTER(D5,"-",4),"-") -> HDB | I5: =_xlfn.TEXTBEFORE(_xlfn.TEXTAFTER(D5,"-",5),"-") -> CON | J5: =_xlfn.TEXTBEFORE(_xlfn.TEXTAFTER(D5,"-",6),"-") -> RGN | K5: =_xlfn.TEXTAFTER(D5,"-",7) -> 0 | L5: 0 | M5: Other | N5: =_xlfn.XLOOKUP(A5,[1]SKU!$A:$A,[1]SKU!$Z:$Z) -> 12250000
A6: 1028616235707 | B6: Concept | C6: Bardot | D6: CCO-DSP-UNI-BAG-CLU-BAR-RED-0 | E6: =_xlfn.TEXTBEFORE(_xlfn.TEXTAFTER(D6,"-"),"-") -> DSP | F6: =_xlfn.TEXTBEFORE(_xlfn.TEXTAFTER(D6,"-",2),"-") -> UNI | G6: =_xlfn.TEXTBEFORE(_xlfn.TEXTAFTER(D6,"-",3),"-") -> BAG | H6: =_xlfn.TEXTBEFORE(_xlfn.TEXTAFTER(D6,"-",4),"-") -> CLU | I6: =_xlfn.TEXTBEFORE(_xlfn.TEXTAFTER(D6,"-",5),"-") -> BAR | J6: =_xlfn.TEXTBEFORE(_xlfn.TEXTAFTER(D6,"-",6),"-") -> RED | K6: =_xlfn.TEXTAFTER(D6,"-",7) -> 0 | L6: 0 | M6: Other | N6: =_xlfn.XLOOKUP(A6,[1]SKU!$A:$A,[1]SKU!$Z:$Z) -> 3300000
A7: 1029532505400 | B7: Concept | C7: Bardot | D7: CCO-DSP-UNI-BAG-CLU-BAR-PUR-0 | E7: =_xlfn.TEXTBEFORE(_xlfn.TEXTAFTER(D7,"-"),"-") -> DSP | F7: =_xlfn.TEXTBEFORE(_xlfn.TEXTAFTER(D7,"-",2),"-") -> UNI | G7: =_xlfn.TEXTBEFORE(_xlfn.TEXTAFTER(D7,"-",3),"-") -> BAG | H7: =_xlfn.TEXTBEFORE(_xlfn.TEXTAFTER(D7,"-",4),"-") -> CLU | I7: =_xlfn.TEXTBEFORE(_xlfn.TEXTAFTER(D7,"-",5),"-") -> BAR | J7: =_xlfn.TEXTBEFORE(_xlfn.TEXTAFTER(D7,"-",6),"-") -> PUR | K7: =_xlfn.TEXTAFTER(D7,"-",7) -> 0 | L7: 0 | M7: Other | N7: =_xlfn.XLOOKUP(A7,[1]SKU!$A:$A,[1]SKU!$Z:$Z) -> 3300000
A8: 1036704952177 | B8: Apparel | C8: Saigon Traffic | D8: GPR-GBA-MEN-TSS-ONE-STC-WHI-XXL | E8: =_xlfn.TEXTBEFORE(_xlfn.TEXTAFTER(D8,"-"),"-") -> GBA | F8: =_xlfn.TEXTBEFORE(_xlfn.TEXTAFTER(D8,"-",2),"-") -> MEN | G8: =_xlfn.TEXTBEFORE(_xlfn.TEXTAFTER(D8,"-",3),"-") -> TSS | H8: =_xlfn.TEXTBEFORE(_xlfn.TEXTAFTER(D8,"-",4),"-") -> ONE | I8: =_xlfn.TEXTBEFORE(_xlfn.TEXTAFTER(D8,"-",5),"-") -> STC | J8: =_xlfn.TEXTBEFORE(_xlfn.TEXTAFTER(D8,"-",6),"-") -> WHI | K8: =_xlfn.TEXTAFTER(D8,"-",7) -> XXL | L8: T-Shirt Short Sleeves | M8: T-Shirt | N8: =_xlfn.XLOOKUP(A8,[1]SKU!$A:$A,[1]SKU!$Z:$Z) -> 710000
A9: 1037951943130 | B9: Art | C9: CA PARADISE ZOOM LEFT | D9: CCO-PAS-UNI-ART-ART-CP1-MIX-A3 | E9: =_xlfn.TEXTBEFORE(_xlfn.TEXTAFTER(D9,"-"),"-") -> PAS | F9: =_xlfn.TEXTBEFORE(_xlfn.TEXTAFTER(D9,"-",2),"-") -> UNI | G9: =_xlfn.TEXTBEFORE(_xlfn.TEXTAFTER(D9,"-",3),"-") -> ART | H9: =_xlfn.TEXTBEFORE(_xlfn.TEXTAFTER(D9,"-",4),"-") -> ART | I9: =_xlfn.TEXTBEFORE(_xlfn.TEXTAFTER(D9,"-",5),"-") -> CP1 | J9: =_xlfn.TEXTBEFORE(_xlfn.TEXTAFTER(D9,"-",6),"-") -> MIX | K9: =_xlfn.TEXTAFTER(D9,"-",7) -> A3 | L9: 0 | M9: Other | N9: =_xlfn.XLOOKUP(A9,[1]SKU!$A:$A,[1]SKU!$Z:$Z) -> 5000000
A10: 1040317153234 | B10: Apparel | C10: Star map | D10: GPR-GOR-MEN-TSS-ONE-SMP-BLK-M | E10: =_xlfn.TEXTBEFORE(_xlfn.TEXTAFTER(D10,"-"),"-") -> GOR | F10: =_xlfn.TEXTBEFORE(_xlfn.TEXTAFTER(D10,"-",2),"-") -> MEN | G10: =_xlfn.TEXTBEFORE(_xlfn.TEXTAFTER(D10,"-",3),"-") -> TSS | H10: =_xlfn.TEXTBEFORE(_xlfn.TEXTAFTER(D10,"-",4),"-") -> ONE | I10: =_xlfn.TEXTBEFORE(_xlfn.TEXTAFTER(D10,"-",5),"-") -> SMP | J10: =_xlfn.TEXTBEFORE(_xlfn.TEXTAFTER(D10,"-",6),"-") -> BLK | K10: =_xlfn.TEXTAFTER(D10,"-",7) -> M | L10: T-Shirt Short Sleeves | M10: T-Shirt | N10: =_xlfn.XLOOKUP(A10,[1]SKU!$A:$A,[1]SKU!$Z:$Z) -> 790000
A11: 1044940745071 | B11: Accessories | C11: Headband | D11: GPR-OTH-UNI-HWR-HEA-MIX-MIX-0 | E11: =_xlfn.TEXTBEFORE(_xlfn.TEXTAFTER(D11,"-"),"-") -> OTH | F11: =_xlfn.TEXTBEFORE(_xlfn.TEXTAFTER(D11,"-",2),"-") -> UNI | G11: =_xlfn.TEXTBEFORE(_xlfn.TEXTAFTER(D11,"-",3),"-") -> HWR | H11: =_xlfn.TEXTBEFORE(_xlfn.TEXTAFTER(D11,"-",4),"-") -> HEA | I11: =_xlfn.TEXTBEFORE(_xlfn.TEXTAFTER(D11,"-",5),"-") -> MIX | J11: =_xlfn.TEXTBEFORE(_xlfn.TEXTAFTER(D11,"-",6),"-") -> MIX | K11: =_xlfn.TEXTAFTER(D11,"-",7) -> 0 | L11: 0 | M11: Other | N11: =_xlfn.XLOOKUP(A11,[1]SKU!$A:$A,[1]SKU!$Z:$Z) -> 105000
A12: 1053187208201 | B12: Apparel | C12: Urban | D12: GPR-GOR-MEN-TSS-ONE-URB-JBG-L | E12: =_xlfn.TEXTBEFORE(_xlfn.TEXTAFTER(D12,"-"),"-") -> GOR | F12: =_xlfn.TEXTBEFORE(_xlfn.TEXTAFTER(D12,"-",2),"-") -> MEN | G12: =_xlfn.TEXTBEFORE(_xlfn.TEXTAFTER(D12,"-",3),"-") -> TSS | H12: =_xlfn.TEXTBEFORE(_xlfn.TEXTAFTER(D12,"-",4),"-") -> ONE | I12: =_xlfn.TEXTBEFORE(_xlfn.TEXTAFTER(D12,"-",5),"-") -> URB | J12: =_xlfn.TEXTBEFORE(_xlfn.TEXTAFTER(D12,"-",6),"-") -> JBG | K12: =_xlfn.TEXTAFTER(D12,"-",7) -> L | L12: T-Shirt Short Sleeves | M12: T-Shirt | N12: =_xlfn.XLOOKUP(A12,[1]SKU!$A:$A,[1]SKU!$Z:$Z) -> 790000
A13: 1061114435798 | B13: Concept | C13: Khăn 2M Truyen Kieu 70x70 | D13: CCO-LAN-UNI-HWR-SC2-TKU-PIN-70x70 | E13: =_xlfn.TEXTBEFORE(_xlfn.TEXTAFTER(D13,"-"),"-") -> LAN | F13: =_xlfn.TEXTBEFORE(_xlfn.TEXTAFTER(D13,"-",2),"-") -> UNI | G13: =_xlfn.TEXTBEFORE(_xlfn.TEXTAFTER(D13,"-",3),"-") -> HWR | H13: =_xlfn.TEXTBEFORE(_xlfn.TEXTAFTER(D13,"-",4),"-") -> SC2 | I13: =_xlfn.TEXTBEFORE(_xlfn.TEXTAFTER(D13,"-",5),"-") -> TKU | J13: =_xlfn.TEXTBEFORE(_xlfn.TEXTAFTER(D13,"-",6),"-") -> PIN | K13: =_xlfn.TEXTAFTER(D13,"-",7) -> 70x70 | L13: 0 | M13: Other | N13: =_xlfn.XLOOKUP(A13,[1]SKU!$A:$A,[1]SKU!$Z:$Z) -> 749000
A14: 1067914257486 | B14: Apparel | C14: Autumn Lion | D14: GPR-GSL-KID-TSS-ONE-AUL-WHI-10 | E14: =_xlfn.TEXTBEFORE(_xlfn.TEXTAFTER(D14,"-"),"-") -> GSL | F14: =_xlfn.TEXTBEFORE(_xlfn.TEXTAFTER(D14,"-",2),"-") -> KID | G14: =_xlfn.TEXTBEFORE(_xlfn.TEXTAFTER(D14,"-",3),"-") -> TSS | H14: =_xlfn.TEXTBEFORE(_xlfn.TEXTAFTER(D14,"-",4),"-") -> ONE | I14: =_xlfn.TEXTBEFORE(_xlfn.TEXTAFTER(D14,"-",5),"-") -> AUL | J14: =_xlfn.TEXTBEFORE(_xlfn.TEXTAFTER(D14,"-",6),"-") -> WHI | K14: =_xlfn.TEXTAFTER(D14,"-",7) -> 10 | L14: T-Shirt Short Sleeves | M14: T-Shirt | N14: =_xlfn.XLOOKUP(A14,[1]SKU!$A:$A,[1]SKU!$Z:$Z) -> 650000
A15: 1068272385279 | B15: Apparel | C15: Shuttlecock | D15: GPR-GSP-MEN-POL-MAN-SHU-NAV-S | E15: =_xlfn.TEXTBEFORE(_xlfn.TEXTAFTER(D15,"-"),"-") -> GSP | F15: =_xlfn.TEXTBEFORE(_xlfn.TEXTAFTER(D15,"-",2),"-") -> MEN | G15: =_xlfn.TEXTBEFORE(_xlfn.TEXTAFTER(D15,"-",3),"-") -> POL | H15: =_xlfn.TEXTBEFORE(_xlfn.TEXTAFTER(D15,"-",4),"-") -> MAN | I15: =_xlfn.TEXTBEFORE(_xlfn.TEXTAFTER(D15,"-",5),"-") -> SHU | J15: =_xlfn.TEXTBEFORE(_xlfn.TEXTAFTER(D15,"-",6),"-") -> NAV | K15: =_xlfn.TEXTAFTER(D15,"-",7) -> S | L15: Polo Short sleeves | M15: Polo | N15: =_xlfn.XLOOKUP(A15,[1]SKU!$A:$A,[1]SKU!$Z:$Z) -> 1090000
A16: 1075263734800 | B16: Concept | C16: Damascus M390 Santoku 18cm | D16: CPU-VNE-UNI-SOU-DAS-SAN-SGR-18CM | E16: =_xlfn.TEXTBEFORE(_xlfn.TEXTAFTER(D16,"-"),"-") -> VNE | F16: =_xlfn.TEXTBEFORE(_xlfn.TEXTAFTER(D16,"-",2),"-") -> UNI | G16: =_xlfn.TEXTBEFORE(_xlfn.TEXTAFTER(D16,"-",3),"-") -> SOU | H16: =_xlfn.TEXTBEFORE(_xlfn.TEXTAFTER(D16,"-",4),"-") -> DAS | I16: =_xlfn.TEXTBEFORE(_xlfn.TEXTAFTER(D16,"-",5),"-") -> SAN | J16: =_xlfn.TEXTBEFORE(_xlfn.TEXTAFTER(D16,"-",6),"-") -> SGR | K16: =_xlfn.TEXTAFTER(D16,"-",7) -> 18CM | L16: 0 | M16: Other | N16: =_xlfn.XLOOKUP(A16,[1]SKU!$A:$A,[1]SKU!$Z:$Z) -> 12500000
A17: 1078842893035 | B17: Apparel | C17: Vietnam Telecom | D17: GPR-GOR-MEN-TSS-ONE-VTM-GRE-XXL | E17: =_xlfn.TEXTBEFORE(_xlfn.TEXTAFTER(D17,"-"),"-") -> GOR | F17: =_xlfn.TEXTBEFORE(_xlfn.TEXTAFTER(D17,"-",2),"-") -> MEN | G17: =_xlfn.TEXTBEFORE(_xlfn.TEXTAFTER(D17,"-",3),"-") -> TSS | H17: =_xlfn.TEXTBEFORE(_xlfn.TEXTAFTER(D17,"-",4),"-") -> ONE | I17: =_xlfn.TEXTBEFORE(_xlfn.TEXTAFTER(D17,"-",5),"-") -> VTM | J17: =_xlfn.TEXTBEFORE(_xlfn.TEXTAFTER(D17,"-",6),"-") -> GRE | K17: =_xlfn.TEXTAFTER(D17,"-",7) -> XXL | L17: T-Shirt Short Sleeves | M17: T-Shirt | N17: =_xlfn.XLOOKUP(A17,[1]SKU!$A:$A,[1]SKU!$Z:$Z) -> 790000
A18: 1087844862079 | B18: Art | C18: FRAME | D18: CCO-PAS-UNI-ART-ART-FRA-MIX-AG | E18: =_xlfn.TEXTBEFORE(_xlfn.TEXTAFTER(D18,"-"),"-") -> PAS | F18: =_xlfn.TEXTBEFORE(_xlfn.TEXTAFTER(D18,"-",2),"-") -> UNI | G18: =_xlfn.TEXTBEFORE(_xlfn.TEXTAFTER(D18,"-",3),"-") -> ART | H18: =_xlfn.TEXTBEFORE(_xlfn.TEXTAFTER(D18,"-",4),"-") -> ART | I18: =_xlfn.TEXTBEFORE(_xlfn.TEXTAFTER(D18,"-",5),"-") -> FRA | J18: =_xlfn.TEXTBEFORE(_xlfn.TEXTAFTER(D18,"-",6),"-") -> MIX | K18: =_xlfn.TEXTAFTER(D18,"-",7) -> AG | L18: 0 | M18: Other | N18: =_xlfn.XLOOKUP(A18,[1]SKU!$A:$A,[1]SKU!$Z:$Z) -> 1000000
A19: 1102806988670 | B19: Concept | C19: Sitting Buddha | D19: CPU-PSD-UNI-SOU-DEC-SIB-BRO-8 | E19: =_xlfn.TEXTBEFORE(_xlfn.TEXTAFTER(D19,"-"),"-") -> PSD | F19: =_xlfn.TEXTBEFORE(_xlfn.TEXTAFTER(D19,"-",2),"-") -> UNI | G19: =_xlfn.TEXTBEFORE(_xlfn.TEXTAFTER(D19,"-",3),"-") -> SOU | H19: =_xlfn.TEXTBEFORE(_xlfn.TEXTAFTER(D19,"-",4),"-") -> DEC | I19: =_xlfn.TEXTBEFORE(_xlfn.TEXTAFTER(D19,"-",5),"-") -> SIB | J19: =_xlfn.TEXTBEFORE(_xlfn.TEXTAFTER(D19,"-",6),"-") -> BRO | K19: =_xlfn.TEXTAFTER(D19,"-",7) -> 8 | L19: 0 | M19: Other | N19: =_xlfn.XLOOKUP(A19,[1]SKU!$A:$A,[1]SKU!$Z:$Z) -> 290000
A20: 1103930901535 | B20: Apparel | C20: Logo | D20: GPR-GPI-MEN-POL-MAN-LOG-AGD-S | E20: =_xlfn.TEXTBEFORE(_xlfn.TEXTAFTER(D20,"-"),"-") -> GPI | F20: =_xlfn.TEXTBEFORE(_xlfn.TEXTAFTER(D20,"-",2),"-") -> MEN | G20: =_xlfn.TEXTBEFORE(_xlfn.TEXTAFTER(D20,"-",3),"-") -> POL | H20: =_xlfn.TEXTBEFORE(_xlfn.TEXTAFTER(D20,"-",4),"-") -> MAN | I20: =_xlfn.TEXTBEFORE(_xlfn.TEXTAFTER(D20,"-",5),"-") -> LOG | J20: =_xlfn.TEXTBEFORE(_xlfn.TEXTAFTER(D20,"-",6),"-") -> AGD | K20: =_xlfn.TEXTAFTER(D20,"-",7) -> S | L20: Polo Short sleeves | M20: Polo | N20: =_xlfn.XLOOKUP(A20,[1]SKU!$A:$A,[1]SKU!$Z:$Z) -> 1190000
A21: 1105872563871 | B21: Concept | C21: Cora I | D21: CCO-DSP-UNI-FWR-FLA-CO1-HOE-37 | E21: =_xlfn.TEXTBEFORE(_xlfn.TEXTAFTER(D21,"-"),"-") -> DSP | F21: =_xlfn.TEXTBEFORE(_xlfn.TEXTAFTER(D21,"-",2),"-") -> UNI | G21: =_xlfn.TEXTBEFORE(_xlfn.TEXTAFTER(D21,"-",3),"-") -> FWR | H21: =_xlfn.TEXTBEFORE(_xlfn.TEXTAFTER(D21,"-",4),"-") -> FLA | I21: =_xlfn.TEXTBEFORE(_xlfn.TEXTAFTER(D21,"-",5),"-") -> CO1 | J21: =_xlfn.TEXTBEFORE(_xlfn.TEXTAFTER(D21,"-",6),"-") -> HOE | K21: =_xlfn.TEXTAFTER(D21,"-",7) -> 37 | L21: 0 | M21: Other | N21: =_xlfn.XLOOKUP(A21,[1]SKU!$A:$A,[1]SKU!$Z:$Z) -> 5950000
A22: 1113470118409 | B22: Apparel | C22: The Eight Horses of Triumph | D22: GPR-GSU-WOM-TTB-BNE-EHT-YEL-M | E22: =_xlfn.TEXTBEFORE(_xlfn.TEXTAFTER(D22,"-"),"-") -> GSU | F22: =_xlfn.TEXTBEFORE(_xlfn.TEXTAFTER(D22,"-",2),"-") -> WOM | G22: =_xlfn.TEXTBEFORE(_xlfn.TEXTAFTER(D22,"-",3),"-") -> TTB | H22: =_xlfn.TEXTBEFORE(_xlfn.TEXTAFTER(D22,"-",4),"-") -> BNE | I22: =_xlfn.TEXTBEFORE(_xlfn.TEXTAFTER(D22,"-",5),"-") -> EHT | J22: =_xlfn.TEXTBEFORE(_xlfn.TEXTAFTER(D22,"-",6),"-") -> YEL | K22: =_xlfn.TEXTAFTER(D22,"-",7) -> M | L22: Tanktop Open Back | M22: Tank Top | N22: =_xlfn.XLOOKUP(A22,[1]SKU!$A:$A,[1]SKU!$Z:$Z) -> 950000
A23: 1113524387249 | B23: Apparel | C23: Di Dau | D23: GPR-GOR-MEN-TSS-ONE-DDU-GRE-M | E23: =_xlfn.TEXTBEFORE(_xlfn.TEXTAFTER(D23,"-"),"-") -> GOR | F23: =_xlfn.TEXTBEFORE(_xlfn.TEXTAFTER(D23,"-",2),"-") -> MEN | G23: =_xlfn.TEXTBEFORE(_xlfn.TEXTAFTER(D23,"-",3),"-") -> TSS | H23: =_xlfn.TEXTBEFORE(_xlfn.TEXTAFTER(D23,"-",4),"-") -> ONE | I23: =_xlfn.TEXTBEFORE(_xlfn.TEXTAFTER(D23,"-",5),"-") -> DDU | J23: =_xlfn.TEXTBEFORE(_xlfn.TEXTAFTER(D23,"-",6),"-") -> GRE | K23: =_xlfn.TEXTAFTER(D23,"-",7) -> M | L23: T-Shirt Short Sleeves | M23: T-Shirt | N23: =_xlfn.XLOOKUP(A23,[1]SKU!$A:$A,[1]SKU!$Z:$Z) -> 790000
A24: 1130035009057 | B24: Concept | C24: Khăn 2M Đoàn Thị Điểm 70x70 | D24: CCO-LAN-UNI-HWR-SC2-DTD-GRN-70x70 | E24: =_xlfn.TEXTBEFORE(_xlfn.TEXTAFTER(D24,"-"),"-") -> LAN | F24: =_xlfn.TEXTBEFORE(_xlfn.TEXTAFTER(D24,"-",2),"-") -> UNI | G24: =_xlfn.TEXTBEFORE(_xlfn.TEXTAFTER(D24,"-",3),"-") -> HWR | H24: =_xlfn.TEXTBEFORE(_xlfn.TEXTAFTER(D24,"-",4),"-") -> SC2 | I24: =_xlfn.TEXTBEFORE(_xlfn.TEXTAFTER(D24,"-",5),"-") -> DTD | J24: =_xlfn.TEXTBEFORE(_xlfn.TEXTAFTER(D24,"-",6),"-") -> GRN | K24: =_xlfn.TEXTAFTER(D24,"-",7) -> 70x70 | L24: 0 | M24: Other | N24: =_xlfn.XLOOKUP(A24,[1]SKU!$A:$A,[1]SKU!$Z:$Z) -> 749000
A25: 1134914281077 | B25: Concept | C25: Silk beads | D25: CCO-HAM-UNI-JEW-NEC-142-MIX-0 | E25: =_xlfn.TEXTBEFORE(_xlfn.TEXTAFTER(D25,"-"),"-") -> HAM | F25: =_xlfn.TEXTBEFORE(_xlfn.TEXTAFTER(D25,"-",2),"-") -> UNI | G25: =_xlfn.TEXTBEFORE(_xlfn.TEXTAFTER(D25,"-",3),"-") -> JEW | H25: =_xlfn.TEXTBEFORE(_xlfn.TEXTAFTER(D25,"-",4),"-") -> NEC | I25: =_xlfn.TEXTBEFORE(_xlfn.TEXTAFTER(D25,"-",5),"-") -> 142 | J25: =_xlfn.TEXTBEFORE(_xlfn.TEXTAFTER(D25,"-",6),"-") -> MIX | K25: =_xlfn.TEXTAFTER(D25,"-",7) -> 0 | L25: 0 | M25: Other | N25: =_xlfn.XLOOKUP(A25,[1]SKU!$A:$A,[1]SKU!$Z:$Z) -> 1800000
A26: 1145470298133 | B26: Apparel | C26: Gao | D26: GPR-GOR-MEN-TSS-HNE-GAO-BLK-L | E26: =_xlfn.TEXTBEFORE(_xlfn.TEXTAFTER(D26,"-"),"-") -> GOR | F26: =_xlfn.TEXTBEFORE(_xlfn.TEXTAFTER(D26,"-",2),"-") -> MEN | G26: =_xlfn.TEXTBEFORE(_xlfn.TEXTAFTER(D26,"-",3),"-") -> TSS | H26: =_xlfn.TEXTBEFORE(_xlfn.TEXTAFTER(D26,"-",4),"-") -> HNE | I26: =_xlfn.TEXTBEFORE(_xlfn.TEXTAFTER(D26,"-",5),"-") -> GAO | J26: =_xlfn.TEXTBEFORE(_xlfn.TEXTAFTER(D26,"-",6),"-") -> BLK | K26: =_xlfn.TEXTAFTER(D26,"-",7) -> L | L26: T-Shirt Short Sleeves | M26: T-Shirt | N26: =_xlfn.XLOOKUP(A26,[1]SKU!$A:$A,[1]SKU!$Z:$Z) -> 1650000
A27: 1145867173203 | B27: Art | C27: FRAME | D27: CCO-PAS-UNI-ART-ART-FRA-MIX-A1 | E27: =_xlfn.TEXTBEFORE(_xlfn.TEXTAFTER(D27,"-"),"-") -> PAS | F27: =_xlfn.TEXTBEFORE(_xlfn.TEXTAFTER(D27,"-",2),"-") -> UNI | G27: =_xlfn.TEXTBEFORE(_xlfn.TEXTAFTER(D27,"-",3),"-") -> ART | H27: =_xlfn.TEXTBEFORE(_xlfn.TEXTAFTER(D27,"-",4),"-") -> ART | I27: =_xlfn.TEXTBEFORE(_xlfn.TEXTAFTER(D27,"-",5),"-") -> FRA | J27: =_xlfn.TEXTBEFORE(_xlfn.TEXTAFTER(D27,"-",6),"-") -> MIX | K27: =_xlfn.TEXTAFTER(D27,"-",7) -> A1 | L27: 0 | M27: Other | N27: =_xlfn.XLOOKUP(A27,[1]SKU!$A:$A,[1]SKU!$Z:$Z) -> 2500000
A28: 1148733069105 | B28: Art | C28: HER HAIR, THE LAST REFUGE | D28: CCO-PAS-UNI-ART-ART-HHR-MIX-A1 | E28: =_xlfn.TEXTBEFORE(_xlfn.TEXTAFTER(D28,"-"),"-") -> PAS | F28: =_xlfn.TEXTBEFORE(_xlfn.TEXTAFTER(D28,"-",2),"-") -> UNI | G28: =_xlfn.TEXTBEFORE(_xlfn.TEXTAFTER(D28,"-",3),"-") -> ART | H28: =_xlfn.TEXTBEFORE(_xlfn.TEXTAFTER(D28,"-",4),"-") -> ART | I28: =_xlfn.TEXTBEFORE(_xlfn.TEXTAFTER(D28,"-",5),"-") -> HHR | J28: =_xlfn.TEXTBEFORE(_xlfn.TEXTAFTER(D28,"-",6),"-") -> MIX | K28: =_xlfn.TEXTAFTER(D28,"-",7) -> A1 | L28: 0 | M28: Other | N28: =_xlfn.XLOOKUP(A28,[1]SKU!$A:$A,[1]SKU!$Z:$Z) -> 7500000
A29: 1150392641639 | B29: Concept | C29: Schaeffer | D29: CCO-DSP-UNI-BAG-CHR-SCH-BWH-0 | E29: =_xlfn.TEXTBEFORE(_xlfn.TEXTAFTER(D29,"-"),"-") -> DSP | F29: =_xlfn.TEXTBEFORE(_xlfn.TEXTAFTER(D29,"-",2),"-") -> UNI | G29: =_xlfn.TEXTBEFORE(_xlfn.TEXTAFTER(D29,"-",3),"-") -> BAG | H29: =_xlfn.TEXTBEFORE(_xlfn.TEXTAFTER(D29,"-",4),"-") -> CHR | I29: =_xlfn.TEXTBEFORE(_xlfn.TEXTAFTER(D29,"-",5),"-") -> SCH | J29: =_xlfn.TEXTBEFORE(_xlfn.TEXTAFTER(D29,"-",6),"-") -> BWH | K29: =_xlfn.TEXTAFTER(D29,"-",7) -> 0 | L29: 0 | M29: Other | N29: =_xlfn.XLOOKUP(A29,[1]SKU!$A:$A,[1]SKU!$Z:$Z) -> 1150000
A30: 1159525763002 | B30: Concept | C30: Silk beads, Enamel | D30: CCO-HAM-UNI-JEW-NEC-A29-MIX-0 | E30: =_xlfn.TEXTBEFORE(_xlfn.TEXTAFTER(D30,"-"),"-") -> HAM | F30: =_xlfn.TEXTBEFORE(_xlfn.TEXTAFTER(D30,"-",2),"-") -> UNI | G30: =_xlfn.TEXTBEFORE(_xlfn.TEXTAFTER(D30,"-",3),"-") -> JEW | H30: =_xlfn.TEXTBEFORE(_xlfn.TEXTAFTER(D30,"-",4),"-") -> NEC | I30: =_xlfn.TEXTBEFORE(_xlfn.TEXTAFTER(D30,"-",5),"-") -> A29 | J30: =_xlfn.TEXTBEFORE(_xlfn.TEXTAFTER(D30,"-",6),"-") -> MIX | K30: =_xlfn.TEXTAFTER(D30,"-",7) -> 0 | L30: 0 | M30: Other | N30: =_xlfn.XLOOKUP(A30,[1]SKU!$A:$A,[1]SKU!$Z:$Z) -> 1800000
A31: 1164868917173 | B31: Concept | C31: Silk beads, Enamel | D31: CCO-HAM-UNI-JEW-NEC-076-MIX-0 | E31: =_xlfn.TEXTBEFORE(_xlfn.TEXTAFTER(D31,"-"),"-") -> HAM | F31: =_xlfn.TEXTBEFORE(_xlfn.TEXTAFTER(D31,"-",2),"-") -> UNI | G31: =_xlfn.TEXTBEFORE(_xlfn.TEXTAFTER(D31,"-",3),"-") -> JEW | H31: =_xlfn.TEXTBEFORE(_xlfn.TEXTAFTER(D31,"-",4),"-") -> NEC | I31: =_xlfn.TEXTBEFORE(_xlfn.TEXTAFTER(D31,"-",5),"-") -> 076 | J31: =_xlfn.TEXTBEFORE(_xlfn.TEXTAFTER(D31,"-",6),"-") -> MIX | K31: =_xlfn.TEXTAFTER(D31,"-",7) -> 0 | L31: 0 | M31: Other | N31: =_xlfn.XLOOKUP(A31,[1]SKU!$A:$A,[1]SKU!$Z:$Z) -> 1800000
A32: 1165815805543 | B32: Accessories | C32: Lily Pattern | D32: GPR-OTH-UNI-HWR-CAP-LPN-BOR-S | E32: =_xlfn.TEXTBEFORE(_xlfn.TEXTAFTER(D32,"-"),"-") -> OTH | F32: =_xlfn.TEXTBEFORE(_xlfn.TEXTAFTER(D32,"-",2),"-") -> UNI | G32: =_xlfn.TEXTBEFORE(_xlfn.TEXTAFTER(D32,"-",3),"-") -> HWR | H32: =_xlfn.TEXTBEFORE(_xlfn.TEXTAFTER(D32,"-",4),"-") -> CAP | I32: =_xlfn.TEXTBEFORE(_xlfn.TEXTAFTER(D32,"-",5),"-") -> LPN | J32: =_xlfn.TEXTBEFORE(_xlfn.TEXTAFTER(D32,"-",6),"-") -> BOR | K32: =_xlfn.TEXTAFTER(D32,"-",7) -> S | L32: 0 | M32: Other | N32: =_xlfn.XLOOKUP(A32,[1]SKU!$A:$A,[1]SKU!$Z:$Z) -> 370000
A33: 1170845549305 | B33: Apparel | C33: Linen Pants | D33: GPR-GLI-MEN-PAF-BBT-LIN-WHI-XL | E33: =_xlfn.TEXTBEFORE(_xlfn.TEXTAFTER(D33,"-"),"-") -> GLI | F33: =_xlfn.TEXTBEFORE(_xlfn.TEXTAFTER(D33,"-",2),"-") -> MEN | G33: =_xlfn.TEXTBEFORE(_xlfn.TEXTAFTER(D33,"-",3),"-") -> PAF | H33: =_xlfn.TEXTBEFORE(_xlfn.TEXTAFTER(D33,"-",4),"-") -> BBT | I33: =_xlfn.TEXTBEFORE(_xlfn.TEXTAFTER(D33,"-",5),"-") -> LIN | J33: =_xlfn.TEXTBEFORE(_xlfn.TEXTAFTER(D33,"-",6),"-") -> WHI | K33: =_xlfn.TEXTAFTER(D33,"-",7) -> XL | L33: Pants slim fit | M33: Pants | N33: =_xlfn.XLOOKUP(A33,[1]SKU!$A:$A,[1]SKU!$Z:$Z) -> 2690000
A34: 1180395777400 | B34: Apparel | C34: Red Lantern | D34: GPR-GPI-MEN-POL-MAN-RLN-OLI-S | E34: =_xlfn.TEXTBEFORE(_xlfn.TEXTAFTER(D34,"-"),"-") -> GPI | F34: =_xlfn.TEXTBEFORE(_xlfn.TEXTAFTER(D34,"-",2),"-") -> MEN | G34: =_xlfn.TEXTBEFORE(_xlfn.TEXTAFTER(D34,"-",3),"-") -> POL | H34: =_xlfn.TEXTBEFORE(_xlfn.TEXTAFTER(D34,"-",4),"-") -> MAN | I34: =_xlfn.TEXTBEFORE(_xlfn.TEXTAFTER(D34,"-",5),"-") -> RLN | J34: =_xlfn.TEXTBEFORE(_xlfn.TEXTAFTER(D34,"-",6),"-") -> OLI | K34: =_xlfn.TEXTAFTER(D34,"-",7) -> S | L34: Polo Short sleeves | M34: Polo | N34: =_xlfn.XLOOKUP(A34,[1]SKU!$A:$A,[1]SKU!$Z:$Z) -> 1190000
A35: 1182703260376 | B35: Accessories | C35: Notebook Hoi an | D35: GPR-OTH-UNI-SOU-NBI-HAI-MIX-A5 | E35: =_xlfn.TEXTBEFORE(_xlfn.TEXTAFTER(D35,"-"),"-") -> OTH | F35: =_xlfn.TEXTBEFORE(_xlfn.TEXTAFTER(D35,"-",2),"-") -> UNI | G35: =_xlfn.TEXTBEFORE(_xlfn.TEXTAFTER(D35,"-",3),"-") -> SOU | H35: =_xlfn.TEXTBEFORE(_xlfn.TEXTAFTER(D35,"-",4),"-") -> NBI | I35: =_xlfn.TEXTBEFORE(_xlfn.TEXTAFTER(D35,"-",5),"-") -> HAI | J35: =_xlfn.TEXTBEFORE(_xlfn.TEXTAFTER(D35,"-",6),"-") -> MIX | K35: =_xlfn.TEXTAFTER(D35,"-",7) -> A5 | L35: 0 | M35: Other | N35: =_xlfn.XLOOKUP(A35,[1]SKU!$A:$A,[1]SKU!$Z:$Z) -> 210000
A36: 1188206568438 | B36: Concept | C36: Silk beads, Enamel | D36: CCO-HAM-UNI-JEW-NEC-140-MIX-0 | E36: =_xlfn.TEXTBEFORE(_xlfn.TEXTAFTER(D36,"-"),"-") -> HAM | F36: =_xlfn.TEXTBEFORE(_xlfn.TEXTAFTER(D36,"-",2),"-") -> UNI | G36: =_xlfn.TEXTBEFORE(_xlfn.TEXTAFTER(D36,"-",3),"-") -> JEW | H36: =_xlfn.TEXTBEFORE(_xlfn.TEXTAFTER(D36,"-",4),"-") -> NEC | I36: =_xlfn.TEXTBEFORE(_xlfn.TEXTAFTER(D36,"-",5),"-") -> 140 | J36: =_xlfn.TEXTBEFORE(_xlfn.TEXTAFTER(D36,"-",6),"-") -> MIX | K36: =_xlfn.TEXTAFTER(D36,"-",7) -> 0 | L36: 0 | M36: Other | N36: =_xlfn.XLOOKUP(A36,[1]SKU!$A:$A,[1]SKU!$Z:$Z) -> 1800000
A37: 1192948041722 | B37: Apparel | C37: Wolf | D37: GPR-GOR-WOM-TTB-BNE-WOL-GRE-S | E37: =_xlfn.TEXTBEFORE(_xlfn.TEXTAFTER(D37,"-"),"-") -> GOR | F37: =_xlfn.TEXTBEFORE(_xlfn.TEXTAFTER(D37,"-",2),"-") -> WOM | G37: =_xlfn.TEXTBEFORE(_xlfn.TEXTAFTER(D37,"-",3),"-") -> TTB | H37: =_xlfn.TEXTBEFORE(_xlfn.TEXTAFTER(D37,"-",4),"-") -> BNE | I37: =_xlfn.TEXTBEFORE(_xlfn.TEXTAFTER(D37,"-",5),"-") -> WOL | J37: =_xlfn.TEXTBEFORE(_xlfn.TEXTAFTER(D37,"-",6),"-") -> GRE | K37: =_xlfn.TEXTAFTER(D37,"-",7) -> S | L37: Tanktop Open Back | M37: Tank Top | N37: =_xlfn.XLOOKUP(A37,[1]SKU!$A:$A,[1]SKU!$Z:$Z) -> 790000
A38: 1196268057401 | B38: CF | C38: Ruby Plum Tea | D38: GPR-GCF-UNI-FNB-CFO-RPT-MIX-0 | E38: =_xlfn.TEXTBEFORE(_xlfn.TEXTAFTER(D38,"-"),"-") -> GCF | F38: =_xlfn.TEXTBEFORE(_xlfn.TEXTAFTER(D38,"-",2),"-") -> UNI | G38: =_xlfn.TEXTBEFORE(_xlfn.TEXTAFTER(D38,"-",3),"-") -> FNB | H38: =_xlfn.TEXTBEFORE(_xlfn.TEXTAFTER(D38,"-",4),"-") -> CFO | I38: =_xlfn.TEXTBEFORE(_xlfn.TEXTAFTER(D38,"-",5),"-") -> RPT | J38: =_xlfn.TEXTBEFORE(_xlfn.TEXTAFTER(D38,"-",6),"-") -> MIX | K38: =_xlfn.TEXTAFTER(D38,"-",7) -> 0 | L38: 0 | M38: Other | N38: =_xlfn.XLOOKUP(A38,[1]SKU!$A:$A,[1]SKU!$Z:$Z) -> 75000
A39: 1210083593576 | B39: Concept | C39: Túi cầm tay loại lớn (Accessories Bag L) | D39: CCO-DSP-UNI-BAG-HDB-ABG-HGP-L | E39: =_xlfn.TEXTBEFORE(_xlfn.TEXTAFTER(D39,"-"),"-") -> DSP | F39: =_xlfn.TEXTBEFORE(_xlfn.TEXTAFTER(D39,"-",2),"-") -> UNI | G39: =_xlfn.TEXTBEFORE(_xlfn.TEXTAFTER(D39,"-",3),"-") -> BAG | H39: =_xlfn.TEXTBEFORE(_xlfn.TEXTAFTER(D39,"-",4),"-") -> HDB | I39: =_xlfn.TEXTBEFORE(_xlfn.TEXTAFTER(D39,"-",5),"-") -> ABG | J39: =_xlfn.TEXTBEFORE(_xlfn.TEXTAFTER(D39,"-",6),"-") -> HGP | K39: =_xlfn.TEXTAFTER(D39,"-",7) -> L | L39: 0 | M39: Other | N39: =_xlfn.XLOOKUP(A39,[1]SKU!$A:$A,[1]SKU!$Z:$Z) -> 4800000
A40: 1211280847608 | B40: Concept | C40: Aznavour I | D40: CCO-DSP-UNI-BAG-CCR-AZ1-DBN-0 | E40: =_xlfn.TEXTBEFORE(_xlfn.TEXTAFTER(D40,"-"),"-") -> DSP | F40: =_xlfn.TEXTBEFORE(_xlfn.TEXTAFTER(D40,"-",2),"-") -> UNI | G40: =_xlfn.TEXTBEFORE(_xlfn.TEXTAFTER(D40,"-",3),"-") -> BAG | H40: =_xlfn.TEXTBEFORE(_xlfn.TEXTAFTER(D40,"-",4),"-") -> CCR | I40: =_xlfn.TEXTBEFORE(_xlfn.TEXTAFTER(D40,"-",5),"-") -> AZ1 | J40: =_xlfn.TEXTBEFORE(_xlfn.TEXTAFTER(D40,"-",6),"-") -> DBN | K40: =_xlfn.TEXTAFTER(D40,"-",7) -> 0 | L40: 0 | M40: Other | N40: =_xlfn.XLOOKUP(A40,[1]SKU!$A:$A,[1]SKU!$Z:$Z) -> 2100000
A41: 1213911738606 | B41: Concept | C41: Bertrand Loafer I | D41: CCO-DSP-UNI-FWR-LES-BL1-TOB-39 | E41: =_xlfn.TEXTBEFORE(_xlfn.TEXTAFTER(D41,"-"),"-") -> DSP | F41: =_xlfn.TEXTBEFORE(_xlfn.TEXTAFTER(D41,"-",2),"-") -> UNI | G41: =_xlfn.TEXTBEFORE(_xlfn.TEXTAFTER(D41,"-",3),"-") -> FWR | H41: =_xlfn.TEXTBEFORE(_xlfn.TEXTAFTER(D41,"-",4),"-") -> LES | I41: =_xlfn.TEXTBEFORE(_xlfn.TEXTAFTER(D41,"-",5),"-") -> BL1 | J41: =_xlfn.TEXTBEFORE(_xlfn.TEXTAFTER(D41,"-",6),"-") -> TOB | K41: =_xlfn.TEXTAFTER(D41,"-",7) -> 39 | L41: 0 | M41: Other | N41: =_xlfn.XLOOKUP(A41,[1]SKU!$A:$A,[1]SKU!$Z:$Z) -> 5800000
A42: 1229417612005 | B42: Concept | C42: Men’s Seurat | D42: CCO-DSP-UNI-BAG-WAL-SEU-OBO-0 | E42: =_xlfn.TEXTBEFORE(_xlfn.TEXTAFTER(D42,"-"),"-") -> DSP | F42: =_xlfn.TEXTBEFORE(_xlfn.TEXTAFTER(D42,"-",2),"-") -> UNI | G42: =_xlfn.TEXTBEFORE(_xlfn.TEXTAFTER(D42,"-",3),"-") -> BAG | H42: =_xlfn.TEXTBEFORE(_xlfn.TEXTAFTER(D42,"-",4),"-") -> WAL | I42: =_xlfn.TEXTBEFORE(_xlfn.TEXTAFTER(D42,"-",5),"-") -> SEU | J42: =_xlfn.TEXTBEFORE(_xlfn.TEXTAFTER(D42,"-",6),"-") -> OBO | K42: =_xlfn.TEXTAFTER(D42,"-",7) -> 0 | L42: 0 | M42: Other | N42: =_xlfn.XLOOKUP(A42,[1]SKU!$A:$A,[1]SKU!$Z:$Z) -> 2900000
A43: 1232111333077 | B43: Apparel | C43: Hoa | D43: GPR-GSL-WOM-APP-BNE-HOA-WHI-S | E43: =_xlfn.TEXTBEFORE(_xlfn.TEXTAFTER(D43,"-"),"-") -> GSL | F43: =_xlfn.TEXTBEFORE(_xlfn.TEXTAFTER(D43,"-",2),"-") -> WOM | G43: =_xlfn.TEXTBEFORE(_xlfn.TEXTAFTER(D43,"-",3),"-") -> APP | H43: =_xlfn.TEXTBEFORE(_xlfn.TEXTAFTER(D43,"-",4),"-") -> BNE | I43: =_xlfn.TEXTBEFORE(_xlfn.TEXTAFTER(D43,"-",5),"-") -> HOA | J43: =_xlfn.TEXTBEFORE(_xlfn.TEXTAFTER(D43,"-",6),"-") -> WHI | K43: =_xlfn.TEXTAFTER(D43,"-",7) -> S | L43: Apple | M43: Apple | N43: =_xlfn.XLOOKUP(A43,[1]SKU!$A:$A,[1]SKU!$Z:$Z) -> 750000
A44: 1232144517772 | B44: Apparel | C44: Street coffee | D44: GPR-GBA-MEN-TSS-ONE-STE-WHI-M | E44: =_xlfn.TEXTBEFORE(_xlfn.TEXTAFTER(D44,"-"),"-") -> GBA | F44: =_xlfn.TEXTBEFORE(_xlfn.TEXTAFTER(D44,"-",2),"-") -> MEN | G44: =_xlfn.TEXTBEFORE(_xlfn.TEXTAFTER(D44,"-",3),"-") -> TSS | H44: =_xlfn.TEXTBEFORE(_xlfn.TEXTAFTER(D44,"-",4),"-") -> ONE | I44: =_xlfn.TEXTBEFORE(_xlfn.TEXTAFTER(D44,"-",5),"-") -> STE | J44: =_xlfn.TEXTBEFORE(_xlfn.TEXTAFTER(D44,"-",6),"-") -> WHI | K44: =_xlfn.TEXTAFTER(D44,"-",7) -> M | L44: T-Shirt Short Sleeves | M44: T-Shirt | N44: =_xlfn.XLOOKUP(A44,[1]SKU!$A:$A,[1]SKU!$Z:$Z) -> 710000
A45: 1236357218495 | B45: Apparel | C45: Jungle | D45: GPR-GPI-MEN-POL-MAN-JUN-WHI-S | E45: =_xlfn.TEXTBEFORE(_xlfn.TEXTAFTER(D45,"-"),"-") -> GPI | F45: =_xlfn.TEXTBEFORE(_xlfn.TEXTAFTER(D45,"-",2),"-") -> MEN | G45: =_xlfn.TEXTBEFORE(_xlfn.TEXTAFTER(D45,"-",3),"-") -> POL | H45: =_xlfn.TEXTBEFORE(_xlfn.TEXTAFTER(D45,"-",4),"-") -> MAN | I45: =_xlfn.TEXTBEFORE(_xlfn.TEXTAFTER(D45,"-",5),"-") -> JUN | J45: =_xlfn.TEXTBEFORE(_xlfn.TEXTAFTER(D45,"-",6),"-") -> WHI | K45: =_xlfn.TEXTAFTER(D45,"-",7) -> S | L45: Polo Short sleeves | M45: Polo | N45: =_xlfn.XLOOKUP(A45,[1]SKU!$A:$A,[1]SKU!$Z:$Z) -> 1190000
A46: 1237698231372 | B46: Apparel | C46: Hoi An | D46: GPR-GBA-MEN-TSS-ONE-HAI-BLK-M | E46: =_xlfn.TEXTBEFORE(_xlfn.TEXTAFTER(D46,"-"),"-") -> GBA | F46: =_xlfn.TEXTBEFORE(_xlfn.TEXTAFTER(D46,"-",2),"-") -> MEN | G46: =_xlfn.TEXTBEFORE(_xlfn.TEXTAFTER(D46,"-",3),"-") -> TSS | H46: =_xlfn.TEXTBEFORE(_xlfn.TEXTAFTER(D46,"-",4),"-") -> ONE | I46: =_xlfn.TEXTBEFORE(_xlfn.TEXTAFTER(D46,"-",5),"-") -> HAI | J46: =_xlfn.TEXTBEFORE(_xlfn.TEXTAFTER(D46,"-",6),"-") -> BLK | K46: =_xlfn.TEXTAFTER(D46,"-",7) -> M | L46: T-Shirt Short Sleeves | M46: T-Shirt | N46: =_xlfn.XLOOKUP(A46,[1]SKU!$A:$A,[1]SKU!$Z:$Z) -> 710000
A47: 1245855030119 | B47: Apparel | C47: Vietnam Telecom | D47: GPR-GOR-MEN-TSS-ONE-VTM-GRE-M | E47: =_xlfn.TEXTBEFORE(_xlfn.TEXTAFTER(D47,"-"),"-") -> GOR | F47: =_xlfn.TEXTBEFORE(_xlfn.TEXTAFTER(D47,"-",2),"-") -> MEN | G47: =_xlfn.TEXTBEFORE(_xlfn.TEXTAFTER(D47,"-",3),"-") -> TSS | H47: =_xlfn.TEXTBEFORE(_xlfn.TEXTAFTER(D47,"-",4),"-") -> ONE | I47: =_xlfn.TEXTBEFORE(_xlfn.TEXTAFTER(D47,"-",5),"-") -> VTM | J47: =_xlfn.TEXTBEFORE(_xlfn.TEXTAFTER(D47,"-",6),"-") -> GRE | K47: =_xlfn.TEXTAFTER(D47,"-",7) -> M | L47: T-Shirt Short Sleeves | M47: T-Shirt | N47: =_xlfn.XLOOKUP(A47,[1]SKU!$A:$A,[1]SKU!$Z:$Z) -> 790000
A48: 1256403278563 | B48: Apparel | C48: Di Dau | D48: GPR-GOR-MEN-TSS-ONE-DDU-GRE-S | E48: =_xlfn.TEXTBEFORE(_xlfn.TEXTAFTER(D48,"-"),"-") -> GOR | F48: =_xlfn.TEXTBEFORE(_xlfn.TEXTAFTER(D48,"-",2),"-") -> MEN | G48: =_xlfn.TEXTBEFORE(_xlfn.TEXTAFTER(D48,"-",3),"-") -> TSS | H48: =_xlfn.TEXTBEFORE(_xlfn.TEXTAFTER(D48,"-",4),"-") -> ONE | I48: =_xlfn.TEXTBEFORE(_xlfn.TEXTAFTER(D48,"-",5),"-") -> DDU | J48: =_xlfn.TEXTBEFORE(_xlfn.TEXTAFTER(D48,"-",6),"-") -> GRE | K48: =_xlfn.TEXTAFTER(D48,"-",7) -> S | L48: T-Shirt Short Sleeves | M48: T-Shirt | N48: =_xlfn.XLOOKUP(A48,[1]SKU!$A:$A,[1]SKU!$Z:$Z) -> 790000
A49: 1273977977135 | B49: Concept | C49: Spice Road Gin | D49: CPU-LTN-UNI-FNB-GIN-HAI-MIX-0 | E49: =_xlfn.TEXTBEFORE(_xlfn.TEXTAFTER(D49,"-"),"-") -> LTN | F49: =_xlfn.TEXTBEFORE(_xlfn.TEXTAFTER(D49,"-",2),"-") -> UNI | G49: =_xlfn.TEXTBEFORE(_xlfn.TEXTAFTER(D49,"-",3),"-") -> FNB | H49: =_xlfn.TEXTBEFORE(_xlfn.TEXTAFTER(D49,"-",4),"-") -> GIN | I49: =_xlfn.TEXTBEFORE(_xlfn.TEXTAFTER(D49,"-",5),"-") -> HAI | J49: =_xlfn.TEXTBEFORE(_xlfn.TEXTAFTER(D49,"-",6),"-") -> MIX | K49: =_xlfn.TEXTAFTER(D49,"-",7) -> 0 | L49: 0 | M49: Other | N49: =_xlfn.XLOOKUP(A49,[1]SKU!$A:$A,[1]SKU!$Z:$Z) -> 459000
A50: 1276875050108 | B50: Apparel | C50: Street Vendor | D50: GPR-GFI-MEN-HLS-ONE-SVR-WHI-XS | E50: =_xlfn.TEXTBEFORE(_xlfn.TEXTAFTER(D50,"-"),"-") -> GFI | F50: =_xlfn.TEXTBEFORE(_xlfn.TEXTAFTER(D50,"-",2),"-") -> MEN | G50: =_xlfn.TEXTBEFORE(_xlfn.TEXTAFTER(D50,"-",3),"-") -> HLS | H50: =_xlfn.TEXTBEFORE(_xlfn.TEXTAFTER(D50,"-",4),"-") -> ONE | I50: =_xlfn.TEXTBEFORE(_xlfn.TEXTAFTER(D50,"-",5),"-") -> SVR | J50: =_xlfn.TEXTBEFORE(_xlfn.TEXTAFTER(D50,"-",6),"-") -> WHI | K50: =_xlfn.TEXTAFTER(D50,"-",7) -> XS | L50: Hoodies long sleeves | M50: Hoodie | N50: =_xlfn.XLOOKUP(A50,[1]SKU!$A:$A,[1]SKU!$Z:$Z) -> 1590000
A51: 1283418848801 | B51: Concept | C51: SAIGON CLASSIQUE' 24 | D51: CPU-NGO-UNI-FWR-SNE-SGS-SAG-40 | E51: =_xlfn.TEXTBEFORE(_xlfn.TEXTAFTER(D51,"-"),"-") -> NGO | F51: =_xlfn.TEXTBEFORE(_xlfn.TEXTAFTER(D51,"-",2),"-") -> UNI | G51: =_xlfn.TEXTBEFORE(_xlfn.TEXTAFTER(D51,"-",3),"-") -> FWR | H51: =_xlfn.TEXTBEFORE(_xlfn.TEXTAFTER(D51,"-",4),"-") -> SNE | I51: =_xlfn.TEXTBEFORE(_xlfn.TEXTAFTER(D51,"-",5),"-") -> SGS | J51: =_xlfn.TEXTBEFORE(_xlfn.TEXTAFTER(D51,"-",6),"-") -> SAG | K51: =_xlfn.TEXTAFTER(D51,"-",7) -> 40 | L51: 0 | M51: Other | N51: =_xlfn.XLOOKUP(A51,[1]SKU!$A:$A,[1]SKU!$Z:$Z) -> 3850000
A52: 1289409839605 | B52: Accessories | C52: Hanoi Corner | D52: GPR-OTH-UNI-SOU-NBS-HNC-NAV-A6 | E52: =_xlfn.TEXTBEFORE(_xlfn.TEXTAFTER(D52,"-"),"-") -> OTH | F52: =_xlfn.TEXTBEFORE(_xlfn.TEXTAFTER(D52,"-",2),"-") -> UNI | G52: =_xlfn.TEXTBEFORE(_xlfn.TEXTAFTER(D52,"-",3),"-") -> SOU | H52: =_xlfn.TEXTBEFORE(_xlfn.TEXTAFTER(D52,"-",4),"-") -> NBS | I52: =_xlfn.TEXTBEFORE(_xlfn.TEXTAFTER(D52,"-",5),"-") -> HNC | J52: =_xlfn.TEXTBEFORE(_xlfn.TEXTAFTER(D52,"-",6),"-") -> NAV | K52: =_xlfn.TEXTAFTER(D52,"-",7) -> A6 | L52: 0 | M52: Other | N52: =_xlfn.XLOOKUP(A52,[1]SKU!$A:$A,[1]SKU!$Z:$Z) -> 65000
A53: 1290167137971 | B53: Concept | C53: Nam Phương 6x130 | D53: CCO-LAN-UNI-HWR-SC2-NPG-PUR-6x130 | E53: =_xlfn.TEXTBEFORE(_xlfn.TEXTAFTER(D53,"-"),"-") -> LAN | F53: =_xlfn.TEXTBEFORE(_xlfn.TEXTAFTER(D53,"-",2),"-") -> UNI | G53: =_xlfn.TEXTBEFORE(_xlfn.TEXTAFTER(D53,"-",3),"-") -> HWR | H53: =_xlfn.TEXTBEFORE(_xlfn.TEXTAFTER(D53,"-",4),"-") -> SC2 | I53: =_xlfn.TEXTBEFORE(_xlfn.TEXTAFTER(D53,"-",5),"-") -> NPG | J53: =_xlfn.TEXTBEFORE(_xlfn.TEXTAFTER(D53,"-",6),"-") -> PUR | K53: =_xlfn.TEXTAFTER(D53,"-",7) -> 6x130 | L53: 0 | M53: Other | N53: =_xlfn.XLOOKUP(A53,[1]SKU!$A:$A,[1]SKU!$Z:$Z) -> 365000
A54: 1291120572778 | B54: Concept | C54: Bộ cờ tỷ phú lumina Hà Nội | D54: CPU-MAZ-UNI-SOU-GAM-HNL-LUM-0 | E54: =_xlfn.TEXTBEFORE(_xlfn.TEXTAFTER(D54,"-"),"-") -> MAZ | F54: =_xlfn.TEXTBEFORE(_xlfn.TEXTAFTER(D54,"-",2),"-") -> UNI | G54: =_xlfn.TEXTBEFORE(_xlfn.TEXTAFTER(D54,"-",3),"-") -> SOU | H54: =_xlfn.TEXTBEFORE(_xlfn.TEXTAFTER(D54,"-",4),"-") -> GAM | I54: =_xlfn.TEXTBEFORE(_xlfn.TEXTAFTER(D54,"-",5),"-") -> HNL | J54: =_xlfn.TEXTBEFORE(_xlfn.TEXTAFTER(D54,"-",6),"-") -> LUM | K54: =_xlfn.TEXTAFTER(D54,"-",7) -> 0 | L54: 0 | M54: Other | N54: =_xlfn.XLOOKUP(A54,[1]SKU!$A:$A,[1]SKU!$Z:$Z) -> 2450000
A55: 1296283698136 | B55: Concept | C55: Phsar Dek | D55: CCO-DSP-UNI-FWR-LES-PHD-BUR-45 | E55: =_xlfn.TEXTBEFORE(_xlfn.TEXTAFTER(D55,"-"),"-") -> DSP | F55: =_xlfn.TEXTBEFORE(_xlfn.TEXTAFTER(D55,"-",2),"-") -> UNI | G55: =_xlfn.TEXTBEFORE(_xlfn.TEXTAFTER(D55,"-",3),"-") -> FWR | H55: =_xlfn.TEXTBEFORE(_xlfn.TEXTAFTER(D55,"-",4),"-") -> LES | I55: =_xlfn.TEXTBEFORE(_xlfn.TEXTAFTER(D55,"-",5),"-") -> PHD | J55: =_xlfn.TEXTBEFORE(_xlfn.TEXTAFTER(D55,"-",6),"-") -> BUR | K55: =_xlfn.TEXTAFTER(D55,"-",7) -> 45 | L55: 0 | M55: Other | N55: =_xlfn.XLOOKUP(A55,[1]SKU!$A:$A,[1]SKU!$Z:$Z) -> 7500000
A56: 1298050638031 | B56: Concept | C56: ED Tote Bag - Miss Kim | D56: CCO-EDE-UNI-BAG-TTB-KIM-BLU-0 | E56: =_xlfn.TEXTBEFORE(_xlfn.TEXTAFTER(D56,"-"),"-") -> EDE | F56: =_xlfn.TEXTBEFORE(_xlfn.TEXTAFTER(D56,"-",2),"-") -> UNI | G56: =_xlfn.TEXTBEFORE(_xlfn.TEXTAFTER(D56,"-",3),"-") -> BAG | H56: =_xlfn.TEXTBEFORE(_xlfn.TEXTAFTER(D56,"-",4),"-") -> TTB | I56: =_xlfn.TEXTBEFORE(_xlfn.TEXTAFTER(D56,"-",5),"-") -> KIM | J56: =_xlfn.TEXTBEFORE(_xlfn.TEXTAFTER(D56,"-",6),"-") -> BLU | K56: =_xlfn.TEXTAFTER(D56,"-",7) -> 0 | L56: 0 | M56: Other | N56: =_xlfn.XLOOKUP(A56,[1]SKU!$A:$A,[1]SKU!$Z:$Z) -> 470000
A57: 1300311935565 | B57: Concept | C57: Laughing Buddha | D57: CPU-PSD-UNI-SOU-DEC-LBA-BSR-56 | E57: =_xlfn.TEXTBEFORE(_xlfn.TEXTAFTER(D57,"-"),"-") -> PSD | F57: =_xlfn.TEXTBEFORE(_xlfn.TEXTAFTER(D57,"-",2),"-") -> UNI | G57: =_xlfn.TEXTBEFORE(_xlfn.TEXTAFTER(D57,"-",3),"-") -> SOU | H57: =_xlfn.TEXTBEFORE(_xlfn.TEXTAFTER(D57,"-",4),"-") -> DEC | I57: =_xlfn.TEXTBEFORE(_xlfn.TEXTAFTER(D57,"-",5),"-") -> LBA | J57: =_xlfn.TEXTBEFORE(_xlfn.TEXTAFTER(D57,"-",6),"-") -> BSR | K57: =_xlfn.TEXTAFTER(D57,"-",7) -> 56 | L57: 0 | M57: Other | N57: =_xlfn.XLOOKUP(A57,[1]SKU!$A:$A,[1]SKU!$Z:$Z) -> 3650000
A58: 1304694982901 | B58: Concept | C58: Loofah back scrubbing belt | D58: CPU-GAR-UNI-SOU-LBS-LB1-MIX-0 | E58: =_xlfn.TEXTBEFORE(_xlfn.TEXTAFTER(D58,"-"),"-") -> GAR | F58: =_xlfn.TEXTBEFORE(_xlfn.TEXTAFTER(D58,"-",2),"-") -> UNI | G58: =_xlfn.TEXTBEFORE(_xlfn.TEXTAFTER(D58,"-",3),"-") -> SOU | H58: =_xlfn.TEXTBEFORE(_xlfn.TEXTAFTER(D58,"-",4),"-") -> LBS | I58: =_xlfn.TEXTBEFORE(_xlfn.TEXTAFTER(D58,"-",5),"-") -> LB1 | J58: =_xlfn.TEXTBEFORE(_xlfn.TEXTAFTER(D58,"-",6),"-") -> MIX | K58: =_xlfn.TEXTAFTER(D58,"-",7) -> 0 | L58: 0 | M58: Other | N58: =_xlfn.XLOOKUP(A58,[1]SKU!$A:$A,[1]SKU!$Z:$Z) -> 135000
A59: 1311825206706 | B59: Apparel | C59: Shuttlecock | D59: GPR-GSP-MEN-POL-MAN-SHU-BLK-M | E59: =_xlfn.TEXTBEFORE(_xlfn.TEXTAFTER(D59,"-"),"-") -> GSP | F59: =_xlfn.TEXTBEFORE(_xlfn.TEXTAFTER(D59,"-",2),"-") -> MEN | G59: =_xlfn.TEXTBEFORE(_xlfn.TEXTAFTER(D59,"-",3),"-") -> POL | H59: =_xlfn.TEXTBEFORE(_xlfn.TEXTAFTER(D59,"-",4),"-") -> MAN | I59: =_xlfn.TEXTBEFORE(_xlfn.TEXTAFTER(D59,"-",5),"-") -> SHU | J59: =_xlfn.TEXTBEFORE(_xlfn.TEXTAFTER(D59,"-",6),"-") -> BLK | K59: =_xlfn.TEXTAFTER(D59,"-",7) -> M | L59: Polo Short sleeves | M59: Polo | N59: =_xlfn.XLOOKUP(A59,[1]SKU!$A:$A,[1]SKU!$Z:$Z) -> 1090000
A60: 1316617794201 | B60: Concept | C60: Standing Buddha | D60: CPU-PSD-UNI-SOU-DEC-SBA-YEL-18 | E60: =_xlfn.TEXTBEFORE(_xlfn.TEXTAFTER(D60,"-"),"-") -> PSD | F60: =_xlfn.TEXTBEFORE(_xlfn.TEXTAFTER(D60,"-",2),"-") -> UNI | G60: =_xlfn.TEXTBEFORE(_xlfn.TEXTAFTER(D60,"-",3),"-") -> SOU | H60: =_xlfn.TEXTBEFORE(_xlfn.TEXTAFTER(D60,"-",4),"-") -> DEC | I60: =_xlfn.TEXTBEFORE(_xlfn.TEXTAFTER(D60,"-",5),"-") -> SBA | J60: =_xlfn.TEXTBEFORE(_xlfn.TEXTAFTER(D60,"-",6),"-") -> YEL | K60: =_xlfn.TEXTAFTER(D60,"-",7) -> 18 | L60: 0 | M60: Other | N60: =_xlfn.XLOOKUP(A60,[1]SKU!$A:$A,[1]SKU!$Z:$Z) -> 550000
A61: 1321701205020 | B61: Accessories | C61: Crossbody Bag | D61: GPR-OTH-UNI-BAG-CRB-LOG-YEO-0 | E61: =_xlfn.TEXTBEFORE(_xlfn.TEXTAFTER(D61,"-"),"-") -> OTH | F61: =_xlfn.TEXTBEFORE(_xlfn.TEXTAFTER(D61,"-",2),"-") -> UNI | G61: =_xlfn.TEXTBEFORE(_xlfn.TEXTAFTER(D61,"-",3),"-") -> BAG | H61: =_xlfn.TEXTBEFORE(_xlfn.TEXTAFTER(D61,"-",4),"-") -> CRB | I61: =_xlfn.TEXTBEFORE(_xlfn.TEXTAFTER(D61,"-",5),"-") -> LOG | J61: =_xlfn.TEXTBEFORE(_xlfn.TEXTAFTER(D61,"-",6),"-") -> YEO | K61: =_xlfn.TEXTAFTER(D61,"-",7) -> 0 | L61: 0 | M61: Other | N61: =_xlfn.XLOOKUP(A61,[1]SKU!$A:$A,[1]SKU!$Z:$Z) -> 3650000
A62: 1344315990465 | B62: Apparel | C62: Traffic Light | D62: GPR-GSL-KID-TSS-ONE-TLT-BLK-2 | E62: =_xlfn.TEXTBEFORE(_xlfn.TEXTAFTER(D62,"-"),"-") -> GSL | F62: =_xlfn.TEXTBEFORE(_xlfn.TEXTAFTER(D62,"-",2),"-") -> KID | G62: =_xlfn.TEXTBEFORE(_xlfn.TEXTAFTER(D62,"-",3),"-") -> TSS | H62: =_xlfn.TEXTBEFORE(_xlfn.TEXTAFTER(D62,"-",4),"-") -> ONE | I62: =_xlfn.TEXTBEFORE(_xlfn.TEXTAFTER(D62,"-",5),"-") -> TLT | J62: =_xlfn.TEXTBEFORE(_xlfn.TEXTAFTER(D62,"-",6),"-") -> BLK | K62: =_xlfn.TEXTAFTER(D62,"-",7) -> 2 | L62: T-Shirt Short Sleeves | M62: T-Shirt | N62: =_xlfn.XLOOKUP(A62,[1]SKU!$A:$A,[1]SKU!$Z:$Z) -> 550000
A63: 1346755967038 | B63: Apparel | C63: The Chairs | D63: GPR-GOR-MEN-TSS-HNE-TCS-WHI-XXL | E63: =_xlfn.TEXTBEFORE(_xlfn.TEXTAFTER(D63,"-"),"-") -> GOR | F63: =_xlfn.TEXTBEFORE(_xlfn.TEXTAFTER(D63,"-",2),"-") -> MEN | G63: =_xlfn.TEXTBEFORE(_xlfn.TEXTAFTER(D63,"-",3),"-") -> TSS | H63: =_xlfn.TEXTBEFORE(_xlfn.TEXTAFTER(D63,"-",4),"-") -> HNE | I63: =_xlfn.TEXTBEFORE(_xlfn.TEXTAFTER(D63,"-",5),"-") -> TCS | J63: =_xlfn.TEXTBEFORE(_xlfn.TEXTAFTER(D63,"-",6),"-") -> WHI | K63: =_xlfn.TEXTAFTER(D63,"-",7) -> XXL | L63: T-Shirt Short Sleeves | M63: T-Shirt | N63: =_xlfn.XLOOKUP(A63,[1]SKU!$A:$A,[1]SKU!$Z:$Z) -> 1390000
A64: 1349986647137 | B64: Concept | C64: Gaskell I (Hard) | D64: CCO-DSP-UNI-BAG-HDB-GA1-DAH-0 | E64: =_xlfn.TEXTBEFORE(_xlfn.TEXTAFTER(D64,"-"),"-") -> DSP | F64: =_xlfn.TEXTBEFORE(_xlfn.TEXTAFTER(D64,"-",2),"-") -> UNI | G64: =_xlfn.TEXTBEFORE(_xlfn.TEXTAFTER(D64,"-",3),"-") -> BAG | H64: =_xlfn.TEXTBEFORE(_xlfn.TEXTAFTER(D64,"-",4),"-") -> HDB | I64: =_xlfn.TEXTBEFORE(_xlfn.TEXTAFTER(D64,"-",5),"-") -> GA1 | J64: =_xlfn.TEXTBEFORE(_xlfn.TEXTAFTER(D64,"-",6),"-") -> DAH | K64: =_xlfn.TEXTAFTER(D64,"-",7) -> 0 | L64: 0 | M64: Other | N64: =_xlfn.XLOOKUP(A64,[1]SKU!$A:$A,[1]SKU!$Z:$Z) -> 8690000
A65: 1353809571370 | B65: Apparel | C65: Jungle | D65: GPR-GOR-MEN-TSP-ONE-JUN-JBG-S | E65: =_xlfn.TEXTBEFORE(_xlfn.TEXTAFTER(D65,"-"),"-") -> GOR | F65: =_xlfn.TEXTBEFORE(_xlfn.TEXTAFTER(D65,"-",2),"-") -> MEN | G65: =_xlfn.TEXTBEFORE(_xlfn.TEXTAFTER(D65,"-",3),"-") -> TSP | H65: =_xlfn.TEXTBEFORE(_xlfn.TEXTAFTER(D65,"-",4),"-") -> ONE | I65: =_xlfn.TEXTBEFORE(_xlfn.TEXTAFTER(D65,"-",5),"-") -> JUN | J65: =_xlfn.TEXTBEFORE(_xlfn.TEXTAFTER(D65,"-",6),"-") -> JBG | K65: =_xlfn.TEXTAFTER(D65,"-",7) -> S | L65: T-shirts Pocket Short Sleeves | M65: T-Shirt | N65: =_xlfn.XLOOKUP(A65,[1]SKU!$A:$A,[1]SKU!$Z:$Z) -> 990000
A66: 1353868565105 | B66: Apparel | C66: Vietnam waves | D66: GPR-GBA-MEN-TSS-ONE-VNW-WHI-S | E66: =_xlfn.TEXTBEFORE(_xlfn.TEXTAFTER(D66,"-"),"-") -> GBA | F66: =_xlfn.TEXTBEFORE(_xlfn.TEXTAFTER(D66,"-",2),"-") -> MEN | G66: =_xlfn.TEXTBEFORE(_xlfn.TEXTAFTER(D66,"-",3),"-") -> TSS | H66: =_xlfn.TEXTBEFORE(_xlfn.TEXTAFTER(D66,"-",4),"-") -> ONE | I66: =_xlfn.TEXTBEFORE(_xlfn.TEXTAFTER(D66,"-",5),"-") -> VNW | J66: =_xlfn.TEXTBEFORE(_xlfn.TEXTAFTER(D66,"-",6),"-") -> WHI | K66: =_xlfn.TEXTAFTER(D66,"-",7) -> S | L66: T-Shirt Short Sleeves | M66: T-Shirt | N66: =_xlfn.XLOOKUP(A66,[1]SKU!$A:$A,[1]SKU!$Z:$Z) -> 1590000
A67: 1359007809932 | B67: Apparel | C67: Linen Pants | D67: GPR-GLI-MEN-PAF-BBT-LIN-NAV-S | E67: =_xlfn.TEXTBEFORE(_xlfn.TEXTAFTER(D67,"-"),"-") -> GLI | F67: =_xlfn.TEXTBEFORE(_xlfn.TEXTAFTER(D67,"-",2),"-") -> MEN | G67: =_xlfn.TEXTBEFORE(_xlfn.TEXTAFTER(D67,"-",3),"-") -> PAF | H67: =_xlfn.TEXTBEFORE(_xlfn.TEXTAFTER(D67,"-",4),"-") -> BBT | I67: =_xlfn.TEXTBEFORE(_xlfn.TEXTAFTER(D67,"-",5),"-") -> LIN | J67: =_xlfn.TEXTBEFORE(_xlfn.TEXTAFTER(D67,"-",6),"-") -> NAV | K67: =_xlfn.TEXTAFTER(D67,"-",7) -> S | L67: Pants slim fit | M67: Pants | N67: =_xlfn.XLOOKUP(A67,[1]SKU!$A:$A,[1]SKU!$Z:$Z) -> 2690000
A68: 1368319518302 | B68: Concept | C68: Jade, Enamel | D68: CCO-HAM-UNI-JEW-EAR-32R-MIX-0 | E68: =_xlfn.TEXTBEFORE(_xlfn.TEXTAFTER(D68,"-"),"-") -> HAM | F68: =_xlfn.TEXTBEFORE(_xlfn.TEXTAFTER(D68,"-",2),"-") -> UNI | G68: =_xlfn.TEXTBEFORE(_xlfn.TEXTAFTER(D68,"-",3),"-") -> JEW | H68: =_xlfn.TEXTBEFORE(_xlfn.TEXTAFTER(D68,"-",4),"-") -> EAR | I68: =_xlfn.TEXTBEFORE(_xlfn.TEXTAFTER(D68,"-",5),"-") -> 32R | J68: =_xlfn.TEXTBEFORE(_xlfn.TEXTAFTER(D68,"-",6),"-") -> MIX | K68: =_xlfn.TEXTAFTER(D68,"-",7) -> 0 | L68: 0 | M68: Other | N68: =_xlfn.XLOOKUP(A68,[1]SKU!$A:$A,[1]SKU!$Z:$Z) -> 600000
A69: 9566167175735 | B69: Concept | C69: Jade, Resin | D69: CCO-HAM-UNI-JEW-EAR-32R-MIX-0 | E69: =_xlfn.TEXTBEFORE(_xlfn.TEXTAFTER(D69,"-"),"-") -> HAM | F69: =_xlfn.TEXTBEFORE(_xlfn.TEXTAFTER(D69,"-",2),"-") -> UNI | G69: =_xlfn.TEXTBEFORE(_xlfn.TEXTAFTER(D69,"-",3),"-") -> JEW | H69: =_xlfn.TEXTBEFORE(_xlfn.TEXTAFTER(D69,"-",4),"-") -> EAR | I69: =_xlfn.TEXTBEFORE(_xlfn.TEXTAFTER(D69,"-",5),"-") -> 32R | J69: =_xlfn.TEXTBEFORE(_xlfn.TEXTAFTER(D69,"-",6),"-") -> MIX | K69: =_xlfn.TEXTAFTER(D69,"-",7) -> 0 | L69: 0 | M69: Other | N69: =_xlfn.XLOOKUP(A69,[1]SKU!$A:$A,[1]SKU!$Z:$Z) -> 600000
A70: 1382347346836 | B70: Concept | C70: Slipper Neruda | D70: CCO-DSP-UNI-FWR-SLI-SLN-TAN-40 | E70: =_xlfn.TEXTBEFORE(_xlfn.TEXTAFTER(D70,"-"),"-") -> DSP | F70: =_xlfn.TEXTBEFORE(_xlfn.TEXTAFTER(D70,"-",2),"-") -> UNI | G70: =_xlfn.TEXTBEFORE(_xlfn.TEXTAFTER(D70,"-",3),"-") -> FWR | H70: =_xlfn.TEXTBEFORE(_xlfn.TEXTAFTER(D70,"-",4),"-") -> SLI | I70: =_xlfn.TEXTBEFORE(_xlfn.TEXTAFTER(D70,"-",5),"-") -> SLN | J70: =_xlfn.TEXTBEFORE(_xlfn.TEXTAFTER(D70,"-",6),"-") -> TAN | K70: =_xlfn.TEXTAFTER(D70,"-",7) -> 40 | L70: 0 | M70: Other | N70: =_xlfn.XLOOKUP(A70,[1]SKU!$A:$A,[1]SKU!$Z:$Z) -> 7500000
A71: 1392579771047 | B71: Accessories | C71: Urban | D71: GPR-OTH-UNI-FWR-SLI-URB-ORA-38 | E71: =_xlfn.TEXTBEFORE(_xlfn.TEXTAFTER(D71,"-"),"-") -> OTH | F71: =_xlfn.TEXTBEFORE(_xlfn.TEXTAFTER(D71,"-",2),"-") -> UNI | G71: =_xlfn.TEXTBEFORE(_xlfn.TEXTAFTER(D71,"-",3),"-") -> FWR | H71: =_xlfn.TEXTBEFORE(_xlfn.TEXTAFTER(D71,"-",4),"-") -> SLI | I71: =_xlfn.TEXTBEFORE(_xlfn.TEXTAFTER(D71,"-",5),"-") -> URB | J71: =_xlfn.TEXTBEFORE(_xlfn.TEXTAFTER(D71,"-",6),"-") -> ORA | K71: =_xlfn.TEXTAFTER(D71,"-",7) -> 38 | L71: 0 | M71: Other | N71: =_xlfn.XLOOKUP(A71,[1]SKU!$A:$A,[1]SKU!$Z:$Z) -> 395000
A72: 1399832142477 | B72: Concept | C72: Schaeffer | D72: CCO-DSP-UNI-BAG-CHR-SCH-LGN-0 | E72: =_xlfn.TEXTBEFORE(_xlfn.TEXTAFTER(D72,"-"),"-") -> DSP | F72: =_xlfn.TEXTBEFORE(_xlfn.TEXTAFTER(D72,"-",2),"-") -> UNI | G72: =_xlfn.TEXTBEFORE(_xlfn.TEXTAFTER(D72,"-",3),"-") -> BAG | H72: =_xlfn.TEXTBEFORE(_xlfn.TEXTAFTER(D72,"-",4),"-") -> CHR | I72: =_xlfn.TEXTBEFORE(_xlfn.TEXTAFTER(D72,"-",5),"-") -> SCH | J72: =_xlfn.TEXTBEFORE(_xlfn.TEXTAFTER(D72,"-",6),"-") -> LGN | K72: =_xlfn.TEXTAFTER(D72,"-",7) -> 0 | L72: 0 | M72: Other | N72: =_xlfn.XLOOKUP(A72,[1]SKU!$A:$A,[1]SKU!$Z:$Z) -> 1150000
A73: 7945220284935 | B73: Concept | C73: Schaeffer | D73: CCO-DSP-UNI-BAG-CHR-SCH-LGN-0 | E73: =_xlfn.TEXTBEFORE(_xlfn.TEXTAFTER(D73,"-"),"-") -> DSP | F73: =_xlfn.TEXTBEFORE(_xlfn.TEXTAFTER(D73,"-",2),"-") -> UNI | G73: =_xlfn.TEXTBEFORE(_xlfn.TEXTAFTER(D73,"-",3),"-") -> BAG | H73: =_xlfn.TEXTBEFORE(_xlfn.TEXTAFTER(D73,"-",4),"-") -> CHR | I73: =_xlfn.TEXTBEFORE(_xlfn.TEXTAFTER(D73,"-",5),"-") -> SCH | J73: =_xlfn.TEXTBEFORE(_xlfn.TEXTAFTER(D73,"-",6),"-") -> LGN | K73: =_xlfn.TEXTAFTER(D73,"-",7) -> 0 | L73: 0 | M73: Other | N73: =_xlfn.XLOOKUP(A73,[1]SKU!$A:$A,[1]SKU!$Z:$Z) -> 1150000
A74: 1401275656333 | B74: Concept | C74: Bronte | D74: CCO-DSP-UNI-BAG-HDB-BRO-TMB-0 | E74: =_xlfn.TEXTBEFORE(_xlfn.TEXTAFTER(D74,"-"),"-") -> DSP | F74: =_xlfn.TEXTBEFORE(_xlfn.TEXTAFTER(D74,"-",2),"-") -> UNI | G74: =_xlfn.TEXTBEFORE(_xlfn.TEXTAFTER(D74,"-",3),"-") -> BAG | H74: =_xlfn.TEXTBEFORE(_xlfn.TEXTAFTER(D74,"-",4),"-") -> HDB | I74: =_xlfn.TEXTBEFORE(_xlfn.TEXTAFTER(D74,"-",5),"-") -> BRO | J74: =_xlfn.TEXTBEFORE(_xlfn.TEXTAFTER(D74,"-",6),"-") -> TMB | K74: =_xlfn.TEXTAFTER(D74,"-",7) -> 0 | L74: 0 | M74: Other | N74: =_xlfn.XLOOKUP(A74,[1]SKU!$A:$A,[1]SKU!$Z:$Z) -> 6190000
A75: 1405646387130 | B75: Apparel | C75: Traffic jam | D75: GPR-GBA-MEN-TSP-ONE-TJM-OLI-XXL | E75: =_xlfn.TEXTBEFORE(_xlfn.TEXTAFTER(D75,"-"),"-") -> GBA | F75: =_xlfn.TEXTBEFORE(_xlfn.TEXTAFTER(D75,"-",2),"-") -> MEN | G75: =_xlfn.TEXTBEFORE(_xlfn.TEXTAFTER(D75,"-",3),"-") -> TSP | H75: =_xlfn.TEXTBEFORE(_xlfn.TEXTAFTER(D75,"-",4),"-") -> ONE | I75: =_xlfn.TEXTBEFORE(_xlfn.TEXTAFTER(D75,"-",5),"-") -> TJM | J75: =_xlfn.TEXTBEFORE(_xlfn.TEXTAFTER(D75,"-",6),"-") -> OLI | K75: =_xlfn.TEXTAFTER(D75,"-",7) -> XXL | L75: T-shirts Pocket Short Sleeves | M75: T-Shirt | N75: =_xlfn.XLOOKUP(A75,[1]SKU!$A:$A,[1]SKU!$Z:$Z) -> 710000
A76: 1415073799703 | B76: Concept | C76: Silk beas, Stones | D76: CCO-HAM-UNI-JEW-BRA-M10-MIX-0 | E76: =_xlfn.TEXTBEFORE(_xlfn.TEXTAFTER(D76,"-"),"-") -> HAM | F76: =_xlfn.TEXTBEFORE(_xlfn.TEXTAFTER(D76,"-",2),"-") -> UNI | G76: =_xlfn.TEXTBEFORE(_xlfn.TEXTAFTER(D76,"-",3),"-") -> JEW | H76: =_xlfn.TEXTBEFORE(_xlfn.TEXTAFTER(D76,"-",4),"-") -> BRA | I76: =_xlfn.TEXTBEFORE(_xlfn.TEXTAFTER(D76,"-",5),"-") -> M10 | J76: =_xlfn.TEXTBEFORE(_xlfn.TEXTAFTER(D76,"-",6),"-") -> MIX | K76: =_xlfn.TEXTAFTER(D76,"-",7) -> 0 | L76: 0 | M76: Other | N76: =_xlfn.XLOOKUP(A76,[1]SKU!$A:$A,[1]SKU!$Z:$Z) -> 900000
A77: 1416524924231 | B77: Concept | C77: Ngọc Hân - Nguyễn Huệ 90x90 | D77: CCO-LAN-UNI-HWR-SC1-NHH-GRN-90x90 | E77: =_xlfn.TEXTBEFORE(_xlfn.TEXTAFTER(D77,"-"),"-") -> LAN | F77: =_xlfn.TEXTBEFORE(_xlfn.TEXTAFTER(D77,"-",2),"-") -> UNI | G77: =_xlfn.TEXTBEFORE(_xlfn.TEXTAFTER(D77,"-",3),"-") -> HWR | H77: =_xlfn.TEXTBEFORE(_xlfn.TEXTAFTER(D77,"-",4),"-") -> SC1 | I77: =_xlfn.TEXTBEFORE(_xlfn.TEXTAFTER(D77,"-",5),"-") -> NHH | J77: =_xlfn.TEXTBEFORE(_xlfn.TEXTAFTER(D77,"-",6),"-") -> GRN | K77: =_xlfn.TEXTAFTER(D77,"-",7) -> 90x90 | L77: 0 | M77: Other | N77: =_xlfn.XLOOKUP(A77,[1]SKU!$A:$A,[1]SKU!$Z:$Z) -> 849000
A78: 1421659596307 | B78: Concept | C78: ED Tote Bag - Miss Kieu | D78: CCO-EDE-UNI-BAG-TTB-KIE-PIN-0 | E78: =_xlfn.TEXTBEFORE(_xlfn.TEXTAFTER(D78,"-"),"-") -> EDE | F78: =_xlfn.TEXTBEFORE(_xlfn.TEXTAFTER(D78,"-",2),"-") -> UNI | G78: =_xlfn.TEXTBEFORE(_xlfn.TEXTAFTER(D78,"-",3),"-") -> BAG | H78: =_xlfn.TEXTBEFORE(_xlfn.TEXTAFTER(D78,"-",4),"-") -> TTB | I78: =_xlfn.TEXTBEFORE(_xlfn.TEXTAFTER(D78,"-",5),"-") -> KIE | J78: =_xlfn.TEXTBEFORE(_xlfn.TEXTAFTER(D78,"-",6),"-") -> PIN | K78: =_xlfn.TEXTAFTER(D78,"-",7) -> 0 | L78: 0 | M78: Other | N78: =_xlfn.XLOOKUP(A78,[1]SKU!$A:$A,[1]SKU!$Z:$Z) -> 470000
A79: 1423945312134 | B79: Concept | C79: Gold Plt, Amazonite, EU Leatherr | D79: CCO-HAM-UNI-JEW-NEC-110-MIX-0 | E79: =_xlfn.TEXTBEFORE(_xlfn.TEXTAFTER(D79,"-"),"-") -> HAM | F79: =_xlfn.TEXTBEFORE(_xlfn.TEXTAFTER(D79,"-",2),"-") -> UNI | G79: =_xlfn.TEXTBEFORE(_xlfn.TEXTAFTER(D79,"-",3),"-") -> JEW | H79: =_xlfn.TEXTBEFORE(_xlfn.TEXTAFTER(D79,"-",4),"-") -> NEC | I79: =_xlfn.TEXTBEFORE(_xlfn.TEXTAFTER(D79,"-",5),"-") -> 110 | J79: =_xlfn.TEXTBEFORE(_xlfn.TEXTAFTER(D79,"-",6),"-") -> MIX | K79: =_xlfn.TEXTAFTER(D79,"-",7) -> 0 | L79: 0 | M79: Other | N79: =_xlfn.XLOOKUP(A79,[1]SKU!$A:$A,[1]SKU!$Z:$Z) -> 5500000
A80: 1427761436739 | B80: Concept | C80: Sơn La Blend | D80: CCO-SHI-UNI-FNB-CFB-SLB-WHI-CAN | E80: =_xlfn.TEXTBEFORE(_xlfn.TEXTAFTER(D80,"-"),"-") -> SHI | F80: =_xlfn.TEXTBEFORE(_xlfn.TEXTAFTER(D80,"-",2),"-") -> UNI | G80: =_xlfn.TEXTBEFORE(_xlfn.TEXTAFTER(D80,"-",3),"-") -> FNB | H80: =_xlfn.TEXTBEFORE(_xlfn.TEXTAFTER(D80,"-",4),"-") -> CFB | I80: =_xlfn.TEXTBEFORE(_xlfn.TEXTAFTER(D80,"-",5),"-") -> SLB | J80: =_xlfn.TEXTBEFORE(_xlfn.TEXTAFTER(D80,"-",6),"-") -> WHI | K80: =_xlfn.TEXTAFTER(D80,"-",7) -> CAN | L80: 0 | M80: Other | N80: =_xlfn.XLOOKUP(A80,[1]SKU!$A:$A,[1]SKU!$Z:$Z) -> 250000
A81: 1427994911539 | B81: Concept | C81: Laughing Buddha | D81: CPU-PSD-UNI-SOU-DEC-LBA-BRO-8 | E81: =_xlfn.TEXTBEFORE(_xlfn.TEXTAFTER(D81,"-"),"-") -> PSD | F81: =_xlfn.TEXTBEFORE(_xlfn.TEXTAFTER(D81,"-",2),"-") -> UNI | G81: =_xlfn.TEXTBEFORE(_xlfn.TEXTAFTER(D81,"-",3),"-") -> SOU | H81: =_xlfn.TEXTBEFORE(_xlfn.TEXTAFTER(D81,"-",4),"-") -> DEC | I81: =_xlfn.TEXTBEFORE(_xlfn.TEXTAFTER(D81,"-",5),"-") -> LBA | J81: =_xlfn.TEXTBEFORE(_xlfn.TEXTAFTER(D81,"-",6),"-") -> BRO | K81: =_xlfn.TEXTAFTER(D81,"-",7) -> 8 | L81: 0 | M81: Other | N81: =_xlfn.XLOOKUP(A81,[1]SKU!$A:$A,[1]SKU!$Z:$Z) -> 290000
A82: 1428526684303 | B82: Concept | C82: Golden metal, Silk tassel, Glass | D82: CCO-HAM-UNI-JEW-NEC-117-MIX-0 | E82: =_xlfn.TEXTBEFORE(_xlfn.TEXTAFTER(D82,"-"),"-") -> HAM | F82: =_xlfn.TEXTBEFORE(_xlfn.TEXTAFTER(D82,"-",2),"-") -> UNI | G82: =_xlfn.TEXTBEFORE(_xlfn.TEXTAFTER(D82,"-",3),"-") -> JEW | H82: =_xlfn.TEXTBEFORE(_xlfn.TEXTAFTER(D82,"-",4),"-") -> NEC | I82: =_xlfn.TEXTBEFORE(_xlfn.TEXTAFTER(D82,"-",5),"-") -> 117 | J82: =_xlfn.TEXTBEFORE(_xlfn.TEXTAFTER(D82,"-",6),"-") -> MIX | K82: =_xlfn.TEXTAFTER(D82,"-",7) -> 0 | L82: 0 | M82: Other | N82: =_xlfn.XLOOKUP(A82,[1]SKU!$A:$A,[1]SKU!$Z:$Z) -> 2800000
A83: 1435500672201 | B83: Concept | C83: KM Mint & Lemon | D83: CCO-ODE-UNI-COS-BCE-D01-NON-0 | E83: =_xlfn.TEXTBEFORE(_xlfn.TEXTAFTER(D83,"-"),"-") -> ODE | F83: =_xlfn.TEXTBEFORE(_xlfn.TEXTAFTER(D83,"-",2),"-") -> UNI | G83: =_xlfn.TEXTBEFORE(_xlfn.TEXTAFTER(D83,"-",3),"-") -> COS | H83: =_xlfn.TEXTBEFORE(_xlfn.TEXTAFTER(D83,"-",4),"-") -> BCE | I83: =_xlfn.TEXTBEFORE(_xlfn.TEXTAFTER(D83,"-",5),"-") -> D01 | J83: =_xlfn.TEXTBEFORE(_xlfn.TEXTAFTER(D83,"-",6),"-") -> NON | K83: =_xlfn.TEXTAFTER(D83,"-",7) -> 0 | L83: 0 | M83: Other | N83: =_xlfn.XLOOKUP(A83,[1]SKU!$A:$A,[1]SKU!$Z:$Z) -> 215000
A84: 1438769038405 | B84: Apparel | C84: Hang Hoa | D84: GPR-GBA-WOM-PZE-ONE-HHA-WHI-L | E84: =_xlfn.TEXTBEFORE(_xlfn.TEXTAFTER(D84,"-"),"-") -> GBA | F84: =_xlfn.TEXTBEFORE(_xlfn.TEXTAFTER(D84,"-",2),"-") -> WOM | G84: =_xlfn.TEXTBEFORE(_xlfn.TEXTAFTER(D84,"-",3),"-") -> PZE | H84: =_xlfn.TEXTBEFORE(_xlfn.TEXTAFTER(D84,"-",4),"-") -> ONE | I84: =_xlfn.TEXTBEFORE(_xlfn.TEXTAFTER(D84,"-",5),"-") -> HHA | J84: =_xlfn.TEXTBEFORE(_xlfn.TEXTAFTER(D84,"-",6),"-") -> WHI | K84: =_xlfn.TEXTAFTER(D84,"-",7) -> L | L84: Plus Size | M84: Plus Size | N84: =_xlfn.XLOOKUP(A84,[1]SKU!$A:$A,[1]SKU!$Z:$Z) -> 890000
A85: 1442671629606 | B85: Apparel | C85: Urban | D85: GPR-GBA-MEN-TSS-ONE-URB-GRE-S | E85: =_xlfn.TEXTBEFORE(_xlfn.TEXTAFTER(D85,"-"),"-") -> GBA | F85: =_xlfn.TEXTBEFORE(_xlfn.TEXTAFTER(D85,"-",2),"-") -> MEN | G85: =_xlfn.TEXTBEFORE(_xlfn.TEXTAFTER(D85,"-",3),"-") -> TSS | H85: =_xlfn.TEXTBEFORE(_xlfn.TEXTAFTER(D85,"-",4),"-") -> ONE | I85: =_xlfn.TEXTBEFORE(_xlfn.TEXTAFTER(D85,"-",5),"-") -> URB | J85: =_xlfn.TEXTBEFORE(_xlfn.TEXTAFTER(D85,"-",6),"-") -> GRE | K85: =_xlfn.TEXTAFTER(D85,"-",7) -> S | L85: T-Shirt Short Sleeves | M85: T-Shirt | N85: =_xlfn.XLOOKUP(A85,[1]SKU!$A:$A,[1]SKU!$Z:$Z) -> 710000
A86: 1451923021501 | B86: Concept | C86: Cezanne | D86: CCO-DSP-UNI-BAG-CLU-CEZ-CME-0 | E86: =_xlfn.TEXTBEFORE(_xlfn.TEXTAFTER(D86,"-"),"-") -> DSP | F86: =_xlfn.TEXTBEFORE(_xlfn.TEXTAFTER(D86,"-",2),"-") -> UNI | G86: =_xlfn.TEXTBEFORE(_xlfn.TEXTAFTER(D86,"-",3),"-") -> BAG | H86: =_xlfn.TEXTBEFORE(_xlfn.TEXTAFTER(D86,"-",4),"-") -> CLU | I86: =_xlfn.TEXTBEFORE(_xlfn.TEXTAFTER(D86,"-",5),"-") -> CEZ | J86: =_xlfn.TEXTBEFORE(_xlfn.TEXTAFTER(D86,"-",6),"-") -> CME | K86: =_xlfn.TEXTAFTER(D86,"-",7) -> 0 | L86: 0 | M86: Other | N86: =_xlfn.XLOOKUP(A86,[1]SKU!$A:$A,[1]SKU!$Z:$Z) -> 2850000
A87: 1470176402004 | B87: Apparel | C87: Monfox | D87: GPR-GOR-KID-TSS-ONE-MOX-PPA-6 | E87: =_xlfn.TEXTBEFORE(_xlfn.TEXTAFTER(D87,"-"),"-") -> GOR | F87: =_xlfn.TEXTBEFORE(_xlfn.TEXTAFTER(D87,"-",2),"-") -> KID | G87: =_xlfn.TEXTBEFORE(_xlfn.TEXTAFTER(D87,"-",3),"-") -> TSS | H87: =_xlfn.TEXTBEFORE(_xlfn.TEXTAFTER(D87,"-",4),"-") -> ONE | I87: =_xlfn.TEXTBEFORE(_xlfn.TEXTAFTER(D87,"-",5),"-") -> MOX | J87: =_xlfn.TEXTBEFORE(_xlfn.TEXTAFTER(D87,"-",6),"-") -> PPA | K87: =_xlfn.TEXTAFTER(D87,"-",7) -> 6 | L87: T-Shirt Short Sleeves | M87: T-Shirt | N87: =_xlfn.XLOOKUP(A87,[1]SKU!$A:$A,[1]SKU!$Z:$Z) -> 590000
A88: 1482326209173 | B88: Apparel | C88: Beer Pop | D88: GPR-GBA-MEN-TSS-ONE-BPP-BLK-S | E88: =_xlfn.TEXTBEFORE(_xlfn.TEXTAFTER(D88,"-"),"-") -> GBA | F88: =_xlfn.TEXTBEFORE(_xlfn.TEXTAFTER(D88,"-",2),"-") -> MEN | G88: =_xlfn.TEXTBEFORE(_xlfn.TEXTAFTER(D88,"-",3),"-") -> TSS | H88: =_xlfn.TEXTBEFORE(_xlfn.TEXTAFTER(D88,"-",4),"-") -> ONE | I88: =_xlfn.TEXTBEFORE(_xlfn.TEXTAFTER(D88,"-",5),"-") -> BPP | J88: =_xlfn.TEXTBEFORE(_xlfn.TEXTAFTER(D88,"-",6),"-") -> BLK | K88: =_xlfn.TEXTAFTER(D88,"-",7) -> S | L88: T-Shirt Short Sleeves | M88: T-Shirt | N88: =_xlfn.XLOOKUP(A88,[1]SKU!$A:$A,[1]SKU!$Z:$Z) -> 710000
A89: 1485050713725 | B89: Apparel | C89: Old Quarter | D89: GPR-GOR-MEN-TSS-ONE-OQR-GRE-M | E89: =_xlfn.TEXTBEFORE(_xlfn.TEXTAFTER(D89,"-"),"-") -> GOR | F89: =_xlfn.TEXTBEFORE(_xlfn.TEXTAFTER(D89,"-",2),"-") -> MEN | G89: =_xlfn.TEXTBEFORE(_xlfn.TEXTAFTER(D89,"-",3),"-") -> TSS | H89: =_xlfn.TEXTBEFORE(_xlfn.TEXTAFTER(D89,"-",4),"-") -> ONE | I89: =_xlfn.TEXTBEFORE(_xlfn.TEXTAFTER(D89,"-",5),"-") -> OQR | J89: =_xlfn.TEXTBEFORE(_xlfn.TEXTAFTER(D89,"-",6),"-") -> GRE | K89: =_xlfn.TEXTAFTER(D89,"-",7) -> M | L89: T-Shirt Short Sleeves | M89: T-Shirt | N89: =_xlfn.XLOOKUP(A89,[1]SKU!$A:$A,[1]SKU!$Z:$Z) -> 790000
A90: 1488398428207 | B90: Concept | C90: Standing Buddha | D90: CPU-PSD-UNI-SOU-DEC-SBA-YEL-8 | E90: =_xlfn.TEXTBEFORE(_xlfn.TEXTAFTER(D90,"-"),"-") -> PSD | F90: =_xlfn.TEXTBEFORE(_xlfn.TEXTAFTER(D90,"-",2),"-") -> UNI | G90: =_xlfn.TEXTBEFORE(_xlfn.TEXTAFTER(D90,"-",3),"-") -> SOU | H90: =_xlfn.TEXTBEFORE(_xlfn.TEXTAFTER(D90,"-",4),"-") -> DEC | I90: =_xlfn.TEXTBEFORE(_xlfn.TEXTAFTER(D90,"-",5),"-") -> SBA | J90: =_xlfn.TEXTBEFORE(_xlfn.TEXTAFTER(D90,"-",6),"-") -> YEL | K90: =_xlfn.TEXTAFTER(D90,"-",7) -> 8 | L90: 0 | M90: Other | N90: =_xlfn.XLOOKUP(A90,[1]SKU!$A:$A,[1]SKU!$Z:$Z) -> 290000
A91: 1489137949878 | B91: Concept | C91: Gaskell I (Hard) | D91: CCO-DSP-UNI-BAG-HDB-GA1-GRE-0 | E91: =_xlfn.TEXTBEFORE(_xlfn.TEXTAFTER(D91,"-"),"-") -> DSP | F91: =_xlfn.TEXTBEFORE(_xlfn.TEXTAFTER(D91,"-",2),"-") -> UNI | G91: =_xlfn.TEXTBEFORE(_xlfn.TEXTAFTER(D91,"-",3),"-") -> BAG | H91: =_xlfn.TEXTBEFORE(_xlfn.TEXTAFTER(D91,"-",4),"-") -> HDB | I91: =_xlfn.TEXTBEFORE(_xlfn.TEXTAFTER(D91,"-",5),"-") -> GA1 | J91: =_xlfn.TEXTBEFORE(_xlfn.TEXTAFTER(D91,"-",6),"-") -> GRE | K91: =_xlfn.TEXTAFTER(D91,"-",7) -> 0 | L91: 0 | M91: Other | N91: =_xlfn.XLOOKUP(A91,[1]SKU!$A:$A,[1]SKU!$Z:$Z) -> 8690000
A92: 1494166532731 | B92: Apparel | C92: Hanoi Corner | D92: GPR-GOR-MEN-TSS-ONE-HNC-WHI-XL | E92: =_xlfn.TEXTBEFORE(_xlfn.TEXTAFTER(D92,"-"),"-") -> GOR | F92: =_xlfn.TEXTBEFORE(_xlfn.TEXTAFTER(D92,"-",2),"-") -> MEN | G92: =_xlfn.TEXTBEFORE(_xlfn.TEXTAFTER(D92,"-",3),"-") -> TSS | H92: =_xlfn.TEXTBEFORE(_xlfn.TEXTAFTER(D92,"-",4),"-") -> ONE | I92: =_xlfn.TEXTBEFORE(_xlfn.TEXTAFTER(D92,"-",5),"-") -> HNC | J92: =_xlfn.TEXTBEFORE(_xlfn.TEXTAFTER(D92,"-",6),"-") -> WHI | K92: =_xlfn.TEXTAFTER(D92,"-",7) -> XL | L92: T-Shirt Short Sleeves | M92: T-Shirt | N92: =_xlfn.XLOOKUP(A92,[1]SKU!$A:$A,[1]SKU!$Z:$Z) -> 1090000
A93: 1499362406534 | B93: Apparel | C93: Tropical Night | D93: GPR-GCL-MEN-TSO-ONE-TNT-WHI-S | E93: =_xlfn.TEXTBEFORE(_xlfn.TEXTAFTER(D93,"-"),"-") -> GCL | F93: =_xlfn.TEXTBEFORE(_xlfn.TEXTAFTER(D93,"-",2),"-") -> MEN | G93: =_xlfn.TEXTBEFORE(_xlfn.TEXTAFTER(D93,"-",3),"-") -> TSO | H93: =_xlfn.TEXTBEFORE(_xlfn.TEXTAFTER(D93,"-",4),"-") -> ONE | I93: =_xlfn.TEXTBEFORE(_xlfn.TEXTAFTER(D93,"-",5),"-") -> TNT | J93: =_xlfn.TEXTBEFORE(_xlfn.TEXTAFTER(D93,"-",6),"-") -> WHI | K93: =_xlfn.TEXTAFTER(D93,"-",7) -> S | L93: T-Shirt Oversized | M93: T-Shirt | N93: =_xlfn.XLOOKUP(A93,[1]SKU!$A:$A,[1]SKU!$Z:$Z) -> 1390000
A94: 1499412046673 | B94: Concept | C94: Silk Beads, Enamel, Jade | D94: CCO-HAM-UNI-JEW-NEC-D73-MIX-0 | E94: =_xlfn.TEXTBEFORE(_xlfn.TEXTAFTER(D94,"-"),"-") -> HAM | F94: =_xlfn.TEXTBEFORE(_xlfn.TEXTAFTER(D94,"-",2),"-") -> UNI | G94: =_xlfn.TEXTBEFORE(_xlfn.TEXTAFTER(D94,"-",3),"-") -> JEW | H94: =_xlfn.TEXTBEFORE(_xlfn.TEXTAFTER(D94,"-",4),"-") -> NEC | I94: =_xlfn.TEXTBEFORE(_xlfn.TEXTAFTER(D94,"-",5),"-") -> D73 | J94: =_xlfn.TEXTBEFORE(_xlfn.TEXTAFTER(D94,"-",6),"-") -> MIX | K94: =_xlfn.TEXTAFTER(D94,"-",7) -> 0 | L94: 0 | M94: Other | N94: =_xlfn.XLOOKUP(A94,[1]SKU!$A:$A,[1]SKU!$Z:$Z) -> 1800000
A95: 1499577239170 | B95: Concept | C95: Silk beads | D95: CCO-HAM-UNI-JEW-NEC-136-MIX-0 | E95: =_xlfn.TEXTBEFORE(_xlfn.TEXTAFTER(D95,"-"),"-") -> HAM | F95: =_xlfn.TEXTBEFORE(_xlfn.TEXTAFTER(D95,"-",2),"-") -> UNI | G95: =_xlfn.TEXTBEFORE(_xlfn.TEXTAFTER(D95,"-",3),"-") -> JEW | H95: =_xlfn.TEXTBEFORE(_xlfn.TEXTAFTER(D95,"-",4),"-") -> NEC | I95: =_xlfn.TEXTBEFORE(_xlfn.TEXTAFTER(D95,"-",5),"-") -> 136 | J95: =_xlfn.TEXTBEFORE(_xlfn.TEXTAFTER(D95,"-",6),"-") -> MIX | K95: =_xlfn.TEXTAFTER(D95,"-",7) -> 0 | L95: 0 | M95: Other | N95: =_xlfn.XLOOKUP(A95,[1]SKU!$A:$A,[1]SKU!$Z:$Z) -> 1800000
A96: 1502490339725 | B96: Concept | C96: SneakerBannister | D96: CCO-DSP-UNI-FWR-SNE-SBA-LDP-42 | E96: =_xlfn.TEXTBEFORE(_xlfn.TEXTAFTER(D96,"-"),"-") -> DSP | F96: =_xlfn.TEXTBEFORE(_xlfn.TEXTAFTER(D96,"-",2),"-") -> UNI | G96: =_xlfn.TEXTBEFORE(_xlfn.TEXTAFTER(D96,"-",3),"-") -> FWR | H96: =_xlfn.TEXTBEFORE(_xlfn.TEXTAFTER(D96,"-",4),"-") -> SNE | I96: =_xlfn.TEXTBEFORE(_xlfn.TEXTAFTER(D96,"-",5),"-") -> SBA | J96: =_xlfn.TEXTBEFORE(_xlfn.TEXTAFTER(D96,"-",6),"-") -> LDP | K96: =_xlfn.TEXTAFTER(D96,"-",7) -> 42 | L96: 0 | M96: Other | N96: =_xlfn.XLOOKUP(A96,[1]SKU!$A:$A,[1]SKU!$Z:$Z) -> 7500000
A97: 1503559832577 | B97: Apparel | C97: Urban | D97: GPR-GBA-MEN-TSS-ONE-URB-GRE-XXL | E97: =_xlfn.TEXTBEFORE(_xlfn.TEXTAFTER(D97,"-"),"-") -> GBA | F97: =_xlfn.TEXTBEFORE(_xlfn.TEXTAFTER(D97,"-",2),"-") -> MEN | G97: =_xlfn.TEXTBEFORE(_xlfn.TEXTAFTER(D97,"-",3),"-") -> TSS | H97: =_xlfn.TEXTBEFORE(_xlfn.TEXTAFTER(D97,"-",4),"-") -> ONE | I97: =_xlfn.TEXTBEFORE(_xlfn.TEXTAFTER(D97,"-",5),"-") -> URB | J97: =_xlfn.TEXTBEFORE(_xlfn.TEXTAFTER(D97,"-",6),"-") -> GRE | K97: =_xlfn.TEXTAFTER(D97,"-",7) -> XXL | L97: T-Shirt Short Sleeves | M97: T-Shirt | N97: =_xlfn.XLOOKUP(A97,[1]SKU!$A:$A,[1]SKU!$Z:$Z) -> 710000
A98: 1507148756701 | B98: Apparel | C98: Jungle | D98: GPR-GBA-MEN-TSP-ONE-JUN-JBG-L | E98: =_xlfn.TEXTBEFORE(_xlfn.TEXTAFTER(D98,"-"),"-") -> GBA | F98: =_xlfn.TEXTBEFORE(_xlfn.TEXTAFTER(D98,"-",2),"-") -> MEN | G98: =_xlfn.TEXTBEFORE(_xlfn.TEXTAFTER(D98,"-",3),"-") -> TSP | H98: =_xlfn.TEXTBEFORE(_xlfn.TEXTAFTER(D98,"-",4),"-") -> ONE | I98: =_xlfn.TEXTBEFORE(_xlfn.TEXTAFTER(D98,"-",5),"-") -> JUN | J98: =_xlfn.TEXTBEFORE(_xlfn.TEXTAFTER(D98,"-",6),"-") -> JBG | K98: =_xlfn.TEXTAFTER(D98,"-",7) -> L | L98: T-shirts Pocket Short Sleeves | M98: T-Shirt | N98: =_xlfn.XLOOKUP(A98,[1]SKU!$A:$A,[1]SKU!$Z:$Z) -> 890000
A99: 1507485082570 | B99: Concept | C99: Cezanne | D99: CCO-DSP-UNI-BAG-CLU-CEZ-BWR-0 | E99: =_xlfn.TEXTBEFORE(_xlfn.TEXTAFTER(D99,"-"),"-") -> DSP | F99: =_xlfn.TEXTBEFORE(_xlfn.TEXTAFTER(D99,"-",2),"-") -> UNI | G99: =_xlfn.TEXTBEFORE(_xlfn.TEXTAFTER(D99,"-",3),"-") -> BAG | H99: =_xlfn.TEXTBEFORE(_xlfn.TEXTAFTER(D99,"-",4),"-") -> CLU | I99: =_xlfn.TEXTBEFORE(_xlfn.TEXTAFTER(D99,"-",5),"-") -> CEZ | J99: =_xlfn.TEXTBEFORE(_xlfn.TEXTAFTER(D99,"-",6),"-") -> BWR | K99: =_xlfn.TEXTAFTER(D99,"-",7) -> 0 | L99: 0 | M99: Other | N99: =_xlfn.XLOOKUP(A99,[1]SKU!$A:$A,[1]SKU!$Z:$Z) -> 2850000
A100: 1515119052936 | B100: Concept | C100: Men's Bags Sisley | D100: CCO-DSP-UNI-BAG-CLU-SIS-SLR-0 | E100: =_xlfn.TEXTBEFORE(_xlfn.TEXTAFTER(D100,"-"),"-") -> DSP | F100: =_xlfn.TEXTBEFORE(_xlfn.TEXTAFTER(D100,"-",2),"-") -> UNI | G100: =_xlfn.TEXTBEFORE(_xlfn.TEXTAFTER(D100,"-",3),"-") -> BAG | H100: =_xlfn.TEXTBEFORE(_xlfn.TEXTAFTER(D100,"-",4),"-") -> CLU | I100: =_xlfn.TEXTBEFORE(_xlfn.TEXTAFTER(D100,"-",5),"-") -> SIS | J100: =_xlfn.TEXTBEFORE(_xlfn.TEXTAFTER(D100,"-",6),"-") -> SLR | K100: =_xlfn.TEXTAFTER(D100,"-",7) -> 0 | L100: 0 | M100: Other | N100: =_xlfn.XLOOKUP(A100,[1]SKU!$A:$A,[1]SKU!$Z:$Z) -> 3800000
...

Sheet Fabric
A1: Fabric | B1: Name
A2: EDE | B2: =_xlfn.XLOOKUP(A2,'Hướng dẫn'!$I$26:$I$67,'Hướng dẫn'!$G$26:$G$67) -> Eugemie Darge
A3: GSL | B3: =_xlfn.XLOOKUP(A3,'Hướng dẫn'!$I$26:$I$67,'Hướng dẫn'!$G$26:$G$67) -> Special
A4: GCV | B4: =_xlfn.XLOOKUP(A4,'Hướng dẫn'!$I$26:$I$67,'Hướng dẫn'!$G$26:$G$67) -> Cotton Veil
A5: DSP | B5: =_xlfn.XLOOKUP(A5,'Hướng dẫn'!$I$26:$I$67,'Hướng dẫn'!$G$26:$G$67) -> Dominique Saint Paul
A6: GBA | B6: =_xlfn.XLOOKUP(A6,'Hướng dẫn'!$I$26:$I$67,'Hướng dẫn'!$G$26:$G$67) -> Basic
A7: PAS | B7: =_xlfn.XLOOKUP(A7,'Hướng dẫn'!$I$26:$I$67,'Hướng dẫn'!$G$26:$G$67) -> PETTI CAFÉ
A8: GOR | B8: =_xlfn.XLOOKUP(A8,'Hướng dẫn'!$I$26:$I$67,'Hướng dẫn'!$G$26:$G$67) -> Organic
A9: OTH | B9: =_xlfn.XLOOKUP(A9,'Hướng dẫn'!$I$26:$I$67,'Hướng dẫn'!$G$26:$G$67) -> Other
A10: LAN | B10: =_xlfn.XLOOKUP(A10,'Hướng dẫn'!$I$26:$I$67,'Hướng dẫn'!$G$26:$G$67) -> La'Artisan
A11: GSP | B11: =_xlfn.XLOOKUP(A11,'Hướng dẫn'!$I$26:$I$67,'Hướng dẫn'!$G$26:$G$67) -> Spandex
A12: VNE | B12: =_xlfn.XLOOKUP(A12,'Hướng dẫn'!$I$26:$I$67,'Hướng dẫn'!$G$26:$G$67) -> Vietk nife
A13: PSD | B13: =_xlfn.XLOOKUP(A13,'Hướng dẫn'!$I$26:$I$67,'Hướng dẫn'!$G$26:$G$67) -> Product Simplizied
... A35: DI8 | B35: =_xlfn.XLOOKUP(A35,'Hướng dẫn'!$I$26:$I$67,'Hướng dẫn'!$G$26:$G$67) -> Ngôi nhà quận 8

Sheet Category
A1: Category | B1: Name
A2: SOU | B2: Souvernir
A3: TTS | B3: =IF(_xlfn.XLOOKUP(A3,'Hướng dẫn'!$U$27:$U$98,'Hướng dẫn'!$R$27:$R$98)=0,A3,_xlfn.XLOOKUP(A3,'Hướng dẫn'!$U$27:$U$98,'Hướng dẫn'!$R$27:$R$98)) -> Tank Top Sleeveless
A4: SIS | B4: =IF(_xlfn.XLOOKUP(A4,'Hướng dẫn'!$U$27:$U$98,'Hướng dẫn'!$R$27:$R$98)=0,A4,_xlfn.XLOOKUP(A4,'Hướng dẫn'!$U$27:$U$98,'Hướng dẫn'!$R$27:$R$98)) -> Shirt Short Sleeves
A5: BAG | B5: Bag
A6: TSS | B6: =IF(_xlfn.XLOOKUP(A6,'Hướng dẫn'!$U$27:$U$98,'Hướng dẫn'!$R$27:$R$98)=0,A6,_xlfn.XLOOKUP(A6,'Hướng dẫn'!$U$27:$U$98,'Hướng dẫn'!$R$27:$R$98)) -> T-Shirt Short Sleeves
A7: ART | B7: Art
A8: HWR | B8: Head Wear
A9: POL | B9: =IF(_xlfn.XLOOKUP(A9,'Hướng dẫn'!$U$27:$U$98,'Hướng dẫn'!$R$27:$R$98)=0,A9,_xlfn.XLOOKUP(A9,'Hướng dẫn'!$U$27:$U$98,'Hướng dẫn'!$R$27:$R$98)) -> Polo Short sleeves
A10: FWR | B10: Foot Wear
A11: TTB | B11: =IF(_xlfn.XLOOKUP(A11,'Hướng dẫn'!$U$27:$U$98,'Hướng dẫn'!$R$27:$R$98)=0,A11,_xlfn.XLOOKUP(A11,'Hướng dẫn'!$U$27:$U$98,'Hướng dẫn'!$R$27:$R$98)) -> Tanktop Open Back
A12: JEW | B12: Jewelry
A13: PAF | B13: =IF(_xlfn.XLOOKUP(A13,'Hướng dẫn'!$U$27:$U$98,'Hướng dẫn'!$R$27:$R$98)=0,A13,_xlfn.XLOOKUP(A13,'Hướng dẫn'!$U$27:$U$98,'Hướng dẫn'!$R$27:$R$98)) -> Pants slim fit
A14: FNB | B14: FNB
A15: APP | B15: =IF(_xlfn.XLOOKUP(A15,'Hướng dẫn'!$U$27:$U$98,'Hướng dẫn'!$R$27:$R$98)=0,A15,_xlfn.XLOOKUP(A15,'Hướng dẫn'!$U$27:$U$98,'Hướng dẫn'!$R$27:$R$98)) -> Apple
A16: HLS | B16: =IF(_xlfn.XLOOKUP(A16,'Hướng dẫn'!$U$27:$U$98,'Hướng dẫn'!$R$27:$R$98)=0,A16,_xlfn.XLOOKUP(A16,'Hướng dẫn'!$U$27:$U$98,'Hướng dẫn'!$R$27:$R$98)) -> Hoodies long sleeves
A17: TSP | B17: =IF(_xlfn.XLOOKUP(A17,'Hướng dẫn'!$U$27:$U$98,'Hướng dẫn'!$R$27:$R$98)=0,A17,_xlfn.XLOOKUP(A17,'Hướng dẫn'!$U$27:$U$98,'Hướng dẫn'!$R$27:$R$98)) -> T-shirts Pocket Short Sleeves
A18: COS | B18: Cosmetics
A19: PZE | B19: =IF(_xlfn.XLOOKUP(A19,'Hướng dẫn'!$U$27:$U$98,'Hướng dẫn'!$R$27:$R$98)=0,A19,_xlfn.XLOOKUP(A19,'Hướng dẫn'!$U$27:$U$98,'Hướng dẫn'!$R$27:$R$98)) -> Plus Size
A20: TSO | B20: =IF(_xlfn.XLOOKUP(A20,'Hướng dẫn'!$U$27:$U$98,'Hướng dẫn'!$R$27:$R$98)=0,A20,_xlfn.XLOOKUP(A20,'Hướng dẫn'!$U$27:$U$98,'Hướng dẫn'!$R$27:$R$98)) -> T-Shirt Oversized
A21: SHH | B21: =IF(_xlfn.XLOOKUP(A21,'Hướng dẫn'!$U$27:$U$98,'Hướng dẫn'!$R$27:$R$98)=0,A21,_xlfn.XLOOKUP(A21,'Hướng dẫn'!$U$27:$U$98,'Hướng dẫn'!$R$27:$R$98)) -> High waist Short
A22: HDR | B22: Home Décor
A23: TSB | B23: =IF(_xlfn.XLOOKUP(A23,'Hướng dẫn'!$U$27:$U$98,'Hướng dẫn'!$R$27:$R$98)=0,A23,_xlfn.XLOOKUP(A23,'Hướng dẫn'!$U$27:$U$98,'Hướng dẫn'!$R$27:$R$98)) -> T-Shirt Open Back
A24: CRO | B24: =IF(_xlfn.XLOOKUP(A24,'Hướng dẫn'!$U$27:$U$98,'Hướng dẫn'!$R$27:$R$98)=0,A24,_xlfn.XLOOKUP(A24,'Hướng dẫn'!$U$27:$U$98,'Hướng dẫn'!$R$27:$R$98)) -> Crop Top Short Sleeves Crew Neck Oversized
A25: SHS | B25: =IF(_xlfn.XLOOKUP(A25,'Hướng dẫn'!$U$27:$U$98,'Hướng dẫn'!$R$27:$R$98)=0,A25,_xlfn.XLOOKUP(A25,'Hướng dẫn'!$U$27:$U$98,'Hướng dẫn'!$R$27:$R$98)) -> Short men straight
A26: BLA | B26: =IF(_xlfn.XLOOKUP(A26,'Hướng dẫn'!$U$27:$U$98,'Hướng dẫn'!$R$27:$R$98)=0,A26,_xlfn.XLOOKUP(A26,'Hướng dẫn'!$U$27:$U$98,'Hướng dẫn'!$R$27:$R$98)) -> Blouse Long Sleeves Asymmetrical
A27: ACC | B27: Other Accessories
A28: SHD | B28: =IF(_xlfn.XLOOKUP(A28,'Hướng dẫn'!$U$27:$U$98,'Hướng dẫn'!$R$27:$R$98)=0,A28,_xlfn.XLOOKUP(A28,'Hướng dẫn'!$U$27:$U$98,'Hướng dẫn'!$R$27:$R$98)) -> Short women curved
A29: FZE | B29: =IF(_xlfn.XLOOKUP(A29,'Hướng dẫn'!$U$27:$U$98,'Hướng dẫn'!$R$27:$R$98)=0,A29,_xlfn.XLOOKUP(A29,'Hướng dẫn'!$U$27:$U$98,'Hướng dẫn'!$R$27:$R$98)) -> Freesize
A30: SWL | B30: =IF(_xlfn.XLOOKUP(A30,'Hướng dẫn'!$U$27:$U$98,'Hướng dẫn'!$R$27:$R$98)=0,A30,_xlfn.XLOOKUP(A30,'Hướng dẫn'!$U$27:$U$98,'Hướng dẫn'!$R$27:$R$98)) -> Sweatshirt long sleeves
A31: BLB | B31: =IF(_xlfn.XLOOKUP(A31,'Hướng dẫn'!$U$27:$U$98,'Hướng dẫn'!$R$27:$R$98)=0,A31,_xlfn.XLOOKUP(A31,'Hướng dẫn'!$U$27:$U$98,'Hướng dẫn'!$R$27:$R$98)) -> Blouse Open Back Short Sleeves
A32: SKS | B32: =IF(_xlfn.XLOOKUP(A32,'Hướng dẫn'!$U$27:$U$98,'Hướng dẫn'!$R$27:$R$98)=0,A32,_xlfn.XLOOKUP(A32,'Hướng dẫn'!$U$27:$U$98,'Hướng dẫn'!$R$27:$R$98)) -> Slit Pencil Skirt
A33: SCA | B33: Scarves
A34: BLC | B34: =IF(_xlfn.XLOOKUP(A34,'Hướng dẫn'!$U$27:$U$98,'Hướng dẫn'!$R$27:$R$98)=0,A34,_xlfn.XLOOKUP(A34,'Hướng dẫn'!$U$27:$U$98,'Hướng dẫn'!$R$27:$R$98)) -> Blouse Crop Top

Sheet Style
A1: Style | B1: Name
A2: FRA | B2: =_xlfn.XLOOKUP(A2,'Hướng dẫn'!AA:AA,'Hướng dẫn'!X:X) -> Frame
A3: ONE | B3: =_xlfn.XLOOKUP(A3,'Hướng dẫn'!AA:AA,'Hướng dẫn'!X:X) -> Crew neck classic
A4: BUT | B4: =_xlfn.XLOOKUP(A4,'Hướng dẫn'!AA:AA,'Hướng dẫn'!X:X) -> Button-down Collar
A5: HDB | B5: =_xlfn.XLOOKUP(A5,'Hướng dẫn'!AA:AA,'Hướng dẫn'!X:X) -> Handbag
A6: CLU | B6: =_xlfn.XLOOKUP(A6,'Hướng dẫn'!AA:AA,'Hướng dẫn'!X:X) -> Clutch
A7: CLU | B7: =_xlfn.XLOOKUP(A7,'Hướng dẫn'!AA:AA,'Hướng dẫn'!X:X) -> Clutch
A8: ONE | B8: =_xlfn.XLOOKUP(A8,'Hướng dẫn'!AA:AA,'Hướng dẫn'!X:X) -> Crew neck classic
A9: ART | B9: =_xlfn.XLOOKUP(A9,'Hướng dẫn'!AA:AA,'Hướng dẫn'!X:X) -> ART
A10: ONE | B10: =_xlfn.XLOOKUP(A10,'Hướng dẫn'!AA:AA,'Hướng dẫn'!X:X) -> Crew neck classic
A11: HEA | B11: =_xlfn.XLOOKUP(A11,'Hướng dẫn'!AA:AA,'Hướng dẫn'!X:X) -> Headband
A12: ONE | B12: =_xlfn.XLOOKUP(A12,'Hướng dẫn'!AA:AA,'Hướng dẫn'!X:X) -> Crew neck classic
A13: SC2 | B13: =_xlfn.XLOOKUP(A13,'Hướng dẫn'!AA:AA,'Hướng dẫn'!X:X) -> Scarf Satin Double Side Print
... A1610: ONE | B1610: =_xlfn.XLOOKUP(A1610,'Hướng dẫn'!AA:AA,'Hướng dẫn'!X:X) -> Crew neck classic

Sheet Gender
A1: Gender | B1: Name
A2: MEN | B2: Men
A3: WOM | B3: Women
A4: KID | B4: Kid
A5: UNI | B5: Unisex

Sheet Design
A1: Design | B1: Name
A2: FRA | B2: =_xlfn.XLOOKUP(A2,'Hướng dẫn'!AF:AF,'Hướng dẫn'!AD:AD) -> FRAME
A3: FST | B3: =_xlfn.XLOOKUP(A3,'Hướng dẫn'!AF:AF,'Hướng dẫn'!AD:AD) -> Flying Stock
A4: FLH | B4: =_xlfn.XLOOKUP(A4,'Hướng dẫn'!AF:AF,'Hướng dẫn'!AD:AD) -> Flying Fish
A5: CON | B5: =_xlfn.XLOOKUP(A5,'Hướng dẫn'!AF:AF,'Hướng dẫn'!AD:AD) -> Constable
A6: BAR | B6: =_xlfn.XLOOKUP(A6,'Hướng dẫn'!AF:AF,'Hướng dẫn'!AD:AD) -> Bardot
A7: STC | B7: =_xlfn.XLOOKUP(A7,'Hướng dẫn'!AF:AF,'Hướng dẫn'!AD:AD) -> Saigon Traffic
A8: CP1 | B8: =_xlfn.XLOOKUP(A8,'Hướng dẫn'!AF:AF,'Hướng dẫn'!AD:AD) -> CA PARADISE ZOOM LEFT
A9: SMP | B9: =_xlfn.XLOOKUP(A9,'Hướng dẫn'!AF:AF,'Hướng dẫn'!AD:AD) -> Star Map
A10: MIX | B10: =_xlfn.XLOOKUP(A10,'Hướng dẫn'!AF:AF,'Hướng dẫn'!AD:AD) -> Nhiều mẫu
A11: URB | B11: =_xlfn.XLOOKUP(A11,'Hướng dẫn'!AF:AF,'Hướng dẫn'!AD:AD) -> Urban
A12: TKU | B12: =_xlfn.XLOOKUP(A12,'Hướng dẫn'!AF:AF,'Hướng dẫn'!AD:AD) -> Truyen Kieu
A13: AUL | B13: =_xlfn.XLOOKUP(A13,'Hướng dẫn'!AF:AF,'Hướng dẫn'!AD:AD) -> Autumn Lion
... A539: A55 | B539: =_xlfn.XLOOKUP(A539,'Hướng dẫn'!AF:AF,'Hướng dẫn'!AD:AD) -> #N/A

Sheet Color
A1: Color | B1: Name
A2: MIX | B2: =_xlfn.XLOOKUP(A2,'Hướng dẫn'!AK:AK,'Hướng dẫn'!AI:AI) -> Màu Mix
A3: ORA | B3: =_xlfn.XLOOKUP(A3,'Hướng dẫn'!AK:AK,'Hướng dẫn'!AI:AI) -> Orange
A4: WHI | B4: =_xlfn.XLOOKUP(A4,'Hướng dẫn'!AK:AK,'Hướng dẫn'!AI:AI) -> White
A5: RGN | B5: =_xlfn.XLOOKUP(A5,'Hướng dẫn'!AK:AK,'Hướng dẫn'!AI:AI) -> Racing Green
A6: RED | B6: =_xlfn.XLOOKUP(A6,'Hướng dẫn'!AK:AK,'Hướng dẫn'!AI:AI) -> RE
A7: PUR | B7: =_xlfn.XLOOKUP(A7,'Hướng dẫn'!AK:AK,'Hướng dẫn'!AI:AI) -> Purple
A8: BLK | B8: =_xlfn.XLOOKUP(A8,'Hướng dẫn'!AK:AK,'Hướng dẫn'!AI:AI) -> BK
A9: JBG | B9: =_xlfn.XLOOKUP(A9,'Hướng dẫn'!AK:AK,'Hướng dẫn'!AI:AI) -> June Bug
A10: PIN | B10: =_xlfn.XLOOKUP(A10,'Hướng dẫn'!AK:AK,'Hướng dẫn'!AI:AI) -> Pink
A11: NAV | B11: =_xlfn.XLOOKUP(A11,'Hướng dẫn'!AK:AK,'Hướng dẫn'!AI:AI) -> NA
A12: SGR | B12: =_xlfn.XLOOKUP(A12,'Hướng dẫn'!AK:AK,'Hướng dẫn'!AI:AI) -> Steel Gray
A13: GRE | B13: =_xlfn.XLOOKUP(A13,'Hướng dẫn'!AK:AK,'Hướng dẫn'!AI:AI) -> Grey
... A121: HBN | B121: =_xlfn.XLOOKUP(A121,'Hướng dẫn'!AK:AK,'Hướng dẫn'!AI:AI) -> Havana Brown

Sheet Size
A1: Size | B1: Name
A2: 0 | B2: 0
A3: L | B3: L
A4: XXL | B4: XXL
A5: A3 | B5: A3
A6: M | B6: M
A7: 70x70 | B7: 70x70
A8: 10 | B8: 10
A9: S | B9: S
A10: 18CM | B10: 18CM
A11: AG | B11: A3/A4/A5
A12: 8 | B12: #N/A
... A66: 180g | B66: 180g

Sheet Hướng dẫn
A1: GINKGO VIETNAM
A3: PRODUCT LIST
A5: A. MÃ SKU
A6: VD: GO-M-PL-MA-LG-RP-M
A7: CÁC TRƯỜNG BẮT BUỘC | C7: CODE | D7: GIẢI MÃ | F7: SỐ KÝ TỰ
A8: 1 | B8: CHẤT LIỆU/MATERIAL | C8: GOR | D8: ORGANIC | F8: 3
A9: 2 | B9: GIỚI TÍNH/SEX | C9: MEN | D9: MEN | F9: 3
A10: 3 | B10: CHỦNG LOẠI/CATEGORIES | C10: POL | D10: POLO | F10: 3
A11: 4 | B11: KIỂU DÁNG/STYLE | C11: MSL | D11: MANDARIN SHORT SLEEVES | F11: 3
A12: 5 | B12: TÊN DESIGN | C12: LOG | D12: LOGO | F12: 3
A13: 6 | B13: MÀU SẮC | C13: RPL | D13: RED PLUM | F13: 3
A14: 7 | B14: SIZE | C14: M | D14: M | F14: 3
F15: Tổng 21 ký tự
B16: Các trường cách nhau bằng dấu gạch ngang "-"
A18: B. BẢNG MÃ CHI TIẾT.
A19: Quy tắc viết tắt
B20: Bỏ các từ phụ như “of”, “and”, “for”
B21: Lấy 1–3 chữ cái đầu của mỗi từ chính, nếu trùng thì lấy 2 chữ cái đầu và 1 chữ cái cuối
B22: Tổng mã dài 3 ký tự
A24: HÌNH THỨC KINH DOANH | F24: 1.LOẠI VẢI/ MATERIAL/ SUPPLIERS | K24: 2. GIỚI TÍNH/GENDER | Q24: 3. CHỦNG LOẠI/ CATEGORIES | W24: 4. CHỦNG LOẠI KIỂU DÁNG CHI TIẾT/STYLE | AC24: 5.THIẾT KẾ/DESIGN | AH24: 6. MÀU SẮC/ COLOR | AL24: 7. SIZE
A25: NO | B25: NAME | C25: TÊN TIẾNG VIỆT | D25: CODE | E25: EXAMPLE/GHI CHÚ | F25: NO | G25: FABRIC NAME | H25: CODE CŨ | I25: CODE MỚI | J25: EXAMPLE/GHI CHÚ | K25: NO | L25: NAME | M25: CODE CŨ | N25: CODE MỚI | O25: GHI CHÚ | Q25: NO | R25: NAME | S25: TÊN TIẾNG VIỆT | T25: CODE | U25: CODE MỚI | V25: NOTE | W25: NO | X25: STYLE NAME | Y25: TÊN TIẾNG VIỆT | Z25: CODE | AA25: CODE MỚI | AB25: EXAMPLE/GHI CHÚ | AC25: NO | AD25: NAME | AE25: CODE | AF25: CODE MỚI | AG25: NOTE | AH25: NO | AI25: NAME | AJ25: CODE CŨ | AK25: CODE MỚI | AL25: NO | AM25: NAME | AN25: CODE CŨ
A26: 1 | B26: Self-Manufactured / In-house Production | C26: Ginkgo sản xuất | D26: GPR | F26: 1 | G26: Organic | H26: GO | I26: GOR | K26: 1 | L26: Men | M26: M | N26: MEN | O26: nam | P26: APPAREL | Q26: TOP | W26: I> | X26: TOP | AC26: 1_GK | AD26: Abstract Calligraphy | AE26: AC | AF26: ACY | AG26: Stop | AH26: DSP | AI26: Havana Black | AJ26: HA BK | AK26: HBK | AL26: 1 | AM26: 2 | AN26: 2
A27: 2 | B27: Co-production / Collaborative Production | C27: Hợp tác sản xuất | D27: GCO | E27: Kết hợp với đối tác để đồng sở hữu | F27: 2 | G27: Special | H27: GS | I27: GSL | K27: 2 | L27: Women | M27: W | N27: WOM | O27: nữ | Q27: 1 | R27: Polo Short sleeves | S27: Áo phông cổ bẻ tay lỡ | T27: PL | U27: POL | W27: 1 | X27: Mandarin Collar | Y27: cổ đứng | Z27: MA | AA27: MAN | AB27: MA | AC27: 1_GK | AD27: Abundance | AE27: AB | AF27: ABU | AG27: Stop | AH27: DSP | AI27: HM Orange | AJ27: HM OR | AK27: HOE | AL27: 2 | AM27: 4 | AN27: 4
A28: 3 | B28: Wholesale Purchase / Outright Purchase | C28: Mua đứt | D28: CPU | F28: 3 | G28: Supima | H28: GM | I28: GSU | K28: 3 | L28: Kid | M28: K | N28: KID | O28: trẻ em | Q28: 2 | R28: T-Shirt Short Sleeves | S28: Áo thun ngắn tay | T28: SS | U28: TSS | W28: 2 | X28: Classic Collar | Y28: cổ thường | Z28: CL | AA28: CLA | AB28: CL | AC28: 1_GK | AD28: Alphabet | AE28: AL | AF28: ALP | AG28: Stop | AH28: DSP | AI28: Natural | AJ28: NAT | AK28: NAT | AL28: 3 | AM28: 6 | AN28: 6
A29: 4 | B29: Consignment | C29: Ký gửi | D29: CCO | F29: 4 | G29: Spandex | H29: GP | I29: GSP | K29: 4 | L29: Unisex | M29: UN | N29: UNI | Q29: 3 | R29: Top midi sleeves | S29: Áo thun tay lỡ | T29: MS | U29: TSM | V29: Red Daisy Pique | W29: 3 | X29: Button-down Collar | Y29: cổ thường có nút | Z29: BD | AA29: BUT | AC29: 1_GK | AD29: Aphrodite | AE29: APH | AF29: APH | AH29: DSP | AI29: Purple | AJ29: PU | AK29: PUR | AL29: 4 | AM29: 8 | AN29: 8
F30: 5 | G30: Basic | H30: GB | I30: GBA | Q30: 4 | R30: T-shirts long sleeves | S30: Áo thun dài tay | T30: TLS | U30: TSL | W30: 4 | X30: Ribban | Y30: cổ bo gân | Z30: RI | AA30: RIB | AC30: 1_GK | AD30: Autumn Lion | AE30: AUL | AF30: AUL | AH30: GK | AI30: ??????? | AJ30: FG | AK30: FG | AL30: 5 | AM30: 10 | AN30: 10
F31: 6 | G31: Classic | H31: GCL | I31: GCL | J31: Dành cho 1 số mẫu Oversize | Q31: 5 | R31: T-Shirt Oversized | S31: Áo thun dáng rộng | T31: OS | U31: TSO | W31: 5 | X31: Crew neck classic | Y31: cổ tròn | Z31: O | AA31: ONE | AC31: 1_GK | AD31: Bali Lion | AE31: BLN | AF31: BLN | AH31: GK | AI31: ???????? | AJ31: ST | AK31: ST | AL31: 6 | AM31: 12 | AN31: 12
F32: 7 | G32: Cotton Veil | H32: GC | I32: GCV | Q32: 6 | R32: T-shirts Pocket Short Sleeves | S32: Áo thun có túi tay ngắn | T32: PO | U32: TSP | W32: 6 | X32: High crew neck classic | Y32: cổ tròn cao | Z32: HCN | AA32: HNE | AC32: 1_GK | AD32: Banana Leaf | AE32: BF | AF32: BLF | AG32: Running Item | AH32: GK | AI32: Almond Toast | AJ32: AL | AK32: ATT | AL32: 7 | AM32: XS | AN32: XS
F33: 8 | G33: Khaki | H33: GK | I33: GKK | Q33: 7 | R33: T-Shirt Open Back | S33: Áo thun xẻ sau tay ngắn | T33: SSS | U33: TSB | V33: Hàng Hoa | W33: 7 | X33: Double Crew Neck | Y33: cổ tròn kép | Z33: D | AA33: DNE | AC33: 1_GK | AD33: Banh Chung | AE33: BC | AF33: BCG | AG33: Stop | AH33: GK | AI33: Almond Toast | AJ33: AT | AK33: ATT | AL33: 8 | AM33: S | AN33: S
F34: 9 | G34: Pique | H34: GPI | I34: GPI | Q34: 8 | R34: Apple | S34: Áo trái táo | T34: AP | U34: APP | W34: 8 | X34: V-neck | Y34: cổ chữ V | Z34: V | AA34: VNE | AC34: 1_GK | AD34: Basket Sweater | AE34: BTS | AF34: BTS | AH34: GK | AI34: Amber Gold | AJ34: AG | AK34: AGD | AL34: 9 | AM34: M | AN34: M
F35: 10 | G35: Fish Skin Import | H35: GFI | I35: GFI | Q35: 9 | R35: Freesize | S35: Áo cổ thuyền dáng Free | T35: FZ | U35: FZE | V35: Free Size | W35: 9 | X35: Boat Neck | Y35: cổ thuyền | Z35: M | AA35: BNE | AB35: Mã cũ : cổ M | AC35: 1_GK | AD35: Bất Tiện | AE35: BT | AF35: BTN | AG35: Stop | AH35: GK | AI35: Army | AJ35: AR | AK35: ARM | AL35: 10 | AM35: L | AN35: L
F36: 11 | G36: Fish Skin | H36: GF | I36: GFN | Q36: 10 | R36: Zipper Top | S36: Áo ngắn tay có khóa kéo ở ngực | T36: ZT | U36: ZTP | W36: 10 | X36: Double-Sided Crew Neck classic | Y36: cổ tròn mặc được cả 2 mặt | Z36: DS | AA36: INE | AC36: 1_GK | AD36: Beach People | AE36: BP | AF36: BEP | AG36: Stop | AH36: GK | AI36: Ash Brown | AJ36: AB | AK36: ABN | AL36: 11 | AM36: XL | AN36: XL
F37: 12 | G37: Linen | H37: GL | I37: GLI | Q37: 11 | R37: Plus Size | S37: Áo cổ tròn dáng Plus size | T37: PZ | U37: PZE | W37: 11 | X37: U neck | Y37: cổ U | Z37: U | AA37: UNE | AC37: 1_GK | AD37: Bear | AE37: BE | AF37: BEA | AG37: Stop | AH37: GK | AI37: Asphalt | AJ37: AS | AK37: AST | AL37: 12 | AM37: XXL | AN37: XXL
F38: 13 | G38: Canvas | H38: GCA | I38: GCA | Q38: 12 | R38: Shell top | S38: Áo cổ tròn dáng con sò | T38: ST | U38: STP | W38: 12 | X38: Off-Shoulder | Y38: trễ vai | Z38: M | AA38: OFF | AB38: Mã cũ : cổ M | AC38: 1_GK | AD38: Beep Beep | AE38: BB | AF38: BBP | AG38: Seasonal | AH38: DSP | AI38: Baby Blue | AJ38: BB BL | AK38: BBL | AL38: 13 | AM38: FZ1 | AN38: FZ1
F39: 14 | G39: Super Soft | H39: GSF | I39: GSF | J39: Dừng sản xuất | Q39: 13 | R39: Rectangle pocket | S39: Áo vuông có túi | T39: RT | U39: RPT | W39: II> | X39: BOTTOM | AC39: 1_GK | AD39: Beer | AE39: BEE | AF39: BEE | AG39: Stop | AH39: DSP | AI39: Baby Blue | AJ39: BBL | AK39: BBL | AL39: 14 | AM39: FZ2 | AN39: FZ2
F40: 15 | G40: Cotton Twill | H40: GCT | I40: GCT | J40: Dừng sản xuất | Q40: 14 | R40: Shirt Short Sleeves | S40: Áo sơ mi tay ngắn | T40: SHI | U40: SIS | W40: 1 | X40: Elastic Waist | Y40: lưng thun | Z40: EB | AA40: EBT | AC40: 1_GK | AD40: Beer Pop | AE40: BP | AF40: BPP | AG40: Seasonal | AH40: DSP | AI40: Baby Blue Black Dot | AJ40: BBBD | AK40: 3BD | AL40: 15 | AM40: 36 | AN40: 36
F41: 16 | G41: Visco | H41: GV | I41: GVI | J41: Dừng sản xuất | Q41: 15 | R41: Shirt Long Sleeves | S41: Áo sơ mi tay dài | T41: SHI | U41: SIL | W41: 2 | X41: Flat-Front | Y41: cạp cúc lưng thun sau | Z41: FL | AA41: FBT | AC41: 1_GK | AD41: Bird | AE41: BI | AF41: BIR | AG41: Stop | AH41: DSP | AI41: Baby Pink | AJ41: BPK | AK41: BPK | AL41: 16
F42: 17 | G42: Café | H42: GCF | I42: GCF | Q42: 16 | R42: Blouse Long Sleeves | S42: Áo sơ mi tay dài | T42: BLS | U42: BLS | W42: 3 | X42: Drawstring Waist | Y42: lưng dây rút | Z42: DW | AA42: DBT | AC42: 1_GK | AD42: Bit Mat Bat De | AE42: BM | AF42: BIT | AG42: Stop | AH42: N'GO | AI42: Beige Sunflower | AJ42: BS | AK42: BSR | AL42: 17 | AM42: 39 | AN42: 39
F43: 18 | G43: Eddy Bags | H43: EC | I43: ECB | Q43: 17 | R43: Blouse Short Sleeves | S43: Áo sơ mi tay ngắn | T43: OS | U43: BLL | W43: 4 | X43: Button Waist | Y43: lưng cúc | Z43: BW | AA43: BBT | AC43: 1_GK | AD43: Bow Scrunchie | AE43: BSE | AF43: BSE | AH43: DSP | AI43: BK | AJ43: BK | AK43: BLK | AL43: 18 | AM43: 40 | AN43: 40
F44: 19 | G44: Bạc Liêu | H44: BL | I44: BLS | Q44: 18 | R44: Blouse Long Sleeves Asymmetrical | S44: Áo sơ mi bất đối xứng | T44: LST | U44: BLA | W44: III> | X44: HEAD WEAR | Z44: HWR | AA44: HWR | AC44: 1_GK | AD44: Buddhaline | AE44: BL | AF44: BUD | AG44: Stop | AH44: DSP | AI44: Black | AJ44: BLK | AK44: BLK | AL44: 19 | AM44: 41 | AN44: 41
F45: 20 | G45: Lady Triệu | H45: GIN | I45: LTN | Q45: 19 | R45: Blouse Open Back Short Sleeves | S45: Áo sơ mixẻ lưng | T45: OT | U45: BLB | W45: 1 | X45: Caps | Y45: Nón | Z45: CAP | AA45: CAP | AC45: 1_GK | AD45: Buffalo | AE45: BU | AF45: BUF | AG45: Stop | AH45: DSP | AI45: Black | AJ45: BLA | AK45: BLK | AL45: 20 | AM45: 42 | AN45: 42
F46: 21 | G46: Maztermind | H46: MTM | I46: MAZ | Q46: 20 | R46: Blouse Crop Top | S46: Áo sơ mi dáng ngắn | T46: CR-SHI | U46: BLC | W46: 2 | X46: Hat | Y46: Nón | Z46: HAT | AA46: HAT | AC46: 1_GK | AD46: Buggies | AE46: BUG | AF46: BUG | AG46: Seasonal | AH46: GK | AI46: Black | AJ46: BK | AK46: BLK | AL46: 21 | AM46: 43 | AN46: 43
F47: 22 | G47: Mùa Sake | H47: SAKE | I47: MSA | Q47: 21 | R47: Tank Top Sleeveless | S47: Áo sát nách | T47: TT-O | U47: TTS | W47: 3 | X47: Headband | Y47: Băng đô | Z47: HB | AA47: HEA | AC47: 1_GK | AD47: Bum Gun | AE47: BG | AF47: BGN | AG47: Stop | AH47: GK | AI47: Black and Red | AJ47: BK&RE | AK47: BKE | AL47: 22 | AM47: 44 | AN47: 44
F48: 23 | G48: N'Go | H48: N'GO | I48: NGO | Q48: 22 | R48: Tanktop Open Back | S48: Áo sát nách xẻ lưng | T48: TT-M | U48: TTB | W48: 4 | X48: Bow Scrunchie | Y48: Dây cột tóc có nơ | Z48: BSE | AA48: BSE | AC48: 1_GK | AD48: Ca Phe | AE48: CF | AF48: CPE | AG48: Stop | AH48: DSP | AI48: Black and White | AJ48: BAW | AK48: BNW | AL48: 23 | AM48: 45 | AN48: 45
F49: 24 | G49: Product Simplizied | H49: PS | I49: PSD | Q49: 23 | R49: Tanktop Cut-out side (High Low) | S49: Áo sát nách đắp eo cổ tròn | T49: TT-HL | U49: TTU | W49: 5 | X49: Vietnamese conical hat | Y49: Nón lá | Z49: NL | AA49: NLH | AC49: 1_GK | AD49: Chair | AE49: CH | AF49: CHA | AG49: Running Item | AH49: DSP | AI49: Black Bulgaro Wash | AJ49: BK BU WA | AK49: BBW | AL49: 24 | AM49: 37 | AN49: 37
F50: 25 | G50: Vietk nife | H50: VK | I50: VNE | Q50: 24 | R50: Tanktop Side Slit | S50: Áo sát nách xẻ tà đắp vạt | T50: ASL | U50: TTI | W50: V> | X50: FOOTWEAR | Z50: FWR | AA50: FWR | AC50: 1_GK | AD50: Chirstmas Pattern | AE50: CP | AF50: CPN | AG50: Stop | AH50: DSP | AI50: Black Dark Brown | AJ50: BDB | AK50: BDB | AL50: 25 | AM50: 38 | AN50: 38
F51: 26 | G51: Ben oi' | H51: BENOI | I51: BEN | Q51: 25 | R51: Long Top Short Sleeves | S51: Áo thun dáng dài tay ngắn | T51: LT | U51: LTS | W51: 1 | X51: Slippers | Y51: Dép | Z51: SL | AA51: SLI | AC51: 1_GK | AD51: Color Mixed Short | AE51: CMS | AF51: CMS | AG51: Stop | AH51: DSP | AI51: Black Shinny | AJ51: BK SH | AK51: BSY | AL51: 26 | AM51: F1 | AN51: FZ1
F52: 27 | G52: Eugemie Darge | H52: ED | I52: EDE | Q52: 25 | R52: Long Top Long sleeves | S52: Áo thun dáng dài tay dài | T52: LT | U52: LTL | W52: 2 | X52: Sneaker | Y52: Giày thể thao | Z52: SNE | AA52: SNE | AC52: 1_GK | AD52: Cơm | AE52: CO | AF52: COM | AG52: Limited | AH52: DSP | AI52: black wash | AJ52: BK WA | AK52: BWH | AL52: 27 | AM52: F2 | AN52: FZ2
F53: 28 | G53: Gardenia | H53: GN | I53: GAR | Q53: 26 | R53: Crop Top Long sleeves | S53: Áo dáng ngắn tay dài | T53: CRL | U53: CRL | W53: 3 | X53: Sandals | Y53: Dép quai hậu | Z53: SAN | AA53: SAN | AC53: 1_GK | AD53: Dalai Lama | AE53: DL | AF53: DLA | AG53: Stop | AH53: DSP | AI53: black wash | AJ53: BLW | AK53: BWH | AL53: 28 | AM53: 0 | AN53: 0
F54: 29 | G54: Hamony | H54: HN | I54: HAM | Q54: 27 | R54: Crop Top Short Sleeves | S54: Áo dáng ngắn tay ngắn | T54: CR | U54: CRS | W54: 5 | X54: Flats | Y54: Giày bệt | Z54: FLA | AA54: FLA | AC54: 1_GK | AD54: Deaf | AE54: DE | AF54: DEA | AG54: Stop | AH54: DSP | AI54: black wash cobal | AJ54: BK WA CO | AK54: BWC | AL54: 29 | AM54: A5 | AN54: A5
F55: 30 | G55: La'Artisan | H55: LA | I55: LAN | Q55: 28 | R55: Crop Top Tank Top | S55: Áo dáng ngắn sát nách | T55: CR-TT | U55: CRT | W55: 6 | X55: Leather Shoes | Y55: Giày da | Z55: LES | AA55: LES | AC55: 1_GK | AD55: Decibel | AE55: DC | AF55: DCB | AG55: Stop | AH55: DSP | AI55: black wash right red | AJ55: BWRR | AK55: BWR | AL55: 30 | AM55: A6 | AN55: A6
F56: 31 | G56: MARRAKESH | H56: ML | I56: MAR | J56: Stop | Q56: 29 | R56: Crop Top Short Sleeves Crew Neck Oversized | S56: Áo dáng ngắn rộng tay ngắn | T56: CR-OS | U56: CRO | W56: V> | X56: SCARVES | Z56: SCA | AA56: SCA | AC56: 1_GK | AD56: Deer | AE56: DEE | AF56: DEE | AG56: Stop | AH56: DSP | AI56: Blue | AJ56: BLU | AK56: BLU | AL56: 31 | AM56: 6x130 | AN56: 6x130
F57: 32 | G57: The Craft House | H57: TCH | I57: TCH | Q57: 30 | R57: Cardigan | S57: Áo khoác | T57: CA | U57: CAR | W57: 4 | X57: Scarf | Y57: Khăn quàng | Z57: SC | AA57: SCF | AC57: 1_GK | AD57: Dep To Ong | AE57: DTO | AF57: DTO | AG57: Stop | AH57: GK | AI57: Blue | AJ57: BL | AK57: BLU | AL57: 32 | AM57: 55x55 | AN57: 55x55
F58: 33 | G58: Tohe | H58: TH | I58: TOH | Q58: 36 | R58: Cardigan Japan Long Sleeves | S58: Áo khoác nhẹ kiểu Nhật | T58: JA | U58: CAJ | W58: 4 | X58: Scarf Silk | Y58: Khăn lụa | Z58: SILK | AA58: SCS | AC58: 1_GK | AD58: Di Choi | AE58: DC | AF58: DCI | AG58: Seasonal | AH58: GK | AI58: Blue Depths | AJ58: BD | AK58: BDE | AL58: 33 | AM58: 60x60 | AN58: 60x60
F59: 34 | G59: Dominique Saint Paul | H59: DSP | I59: DSP | Q59: 31 | R59: Hoodies long sleeves | S59: Áo nỉ có mũ tay dài | T59: HN-SW-2 | U59: HLS | W59: 4 | X59: Scarf Satin Single-Sided | Y59: Khăn sa-tanh in 1 mặt | Z59: SC1 | AA59: SC1 | AC59: 1_GK | AD59: Di Dau | AE59: DI | AF59: DDU | AG59: Signature | AH59: DSP | AI59: Blue Dot | AJ59: BL DO | AK59: BDT | AL59: 34 | AM59: 70x70 | AN59: 70x70
F60: 35 | G60: ODES | H60: OD | I60: ODE | Q60: 32 | R60: Long Top LMP | S60: Long top LMP | T60: LT1 | W60: 4 | X60: Scarf Satin Double Side Print | Y60: Khăn sa-tanh in 2 mặt | Z60: SC2 | AA60: SC2 | AC60: 1_GK | AD60: Di Ve | AE60: DV | AF60: DVE | AG60: Seasonal | AH60: GK | AI60: Blue Jewel | AJ60: BJ | AK60: BJL | AL60: 35 | AM60: 90x90 | AN60: 90x90
F61: 36 | G61: Shin Coffee | H61: SH | I61: SHI | Q61: 33 | R61: Halter Long Top | S61: Cổ ôm tròn thân dáng dài | T61: LT2 | W61: 6 | X61: Handkerchief | Y61: Khăn tay | Z61: HKF | AA61: HKF | AC61: 1_GK | AD61: Dong Ho Chicken | AE61: DHC | AF61: DHC | AG61: Stop | AH61: DSP | AI61: Blue Marble | AJ61: BL MA | AK61: BME | AL61: 36 | AM61: 50g | AN61: 50g
F62: 37 | G62: TheoragniKoffee | H62: TKC | I62: TKC | Q62: 34 | R62: Long Tshirt Short sleeves | S62: Áo thun dài tay ngắn | T62: LT3 | W62: IV> | X62: BAG | AC62: 1_GK | AD62: Dong Ho fish | AE62: DHF | AF62: DHF | AG62: Stop | AH62: GK | AI62: Blue Moon | AJ62: BM | AK62: BMN | AL62: 37 | AM62: 55g | AN62: 55g
F63: 38 | G63: Runam | H63: RN | I63: RUN | Q63: 35 | R63: Beach Tshirt Short Sleeves | S63: Áo thun đi biển | T63: LT4 | W63: 1 | X63: Ethnic Bag | Y63: Túi thổ cẩm | Z63: ETHNIC | AA63: ETB | AC63: 1_GK | AD63: Dong Ho Gold fish | AE63: DHGF | AF63: DHG | AG63: Stop | AH63: DSP | AI63: Blue Patina | AJ63: BL PA | AK63: BPA | AL63: 38 | AM63: 70g | AN63: 70g
F64: 39 | G64: PETTI CAFÉ | H64: PAS | I64: PAS | Q64: 37 | R64: Long Coat | S64: Áo khoác dáng dài | T64: LJ | W64: 2 | X64: Drawstring bag | Y64: Túi rút | Z64: DRB | AA64: DRB | AC64: 1_GK | AD64: Double Bag | AE64: DB | AF64: DBG | AH64: DSP | AI64: Blue Wash | AJ64: BL WA | AK64: BWH | AL64: 39 | AM64: 85g | AN64: 85g
F65: 40 | G65: SILK | H65: SIL | I65: SIL | Q65: 38 | R65: Sweatshirt long sleeves | S65: Áo nỉ tay dài | T65: HN-SW-1 | U65: SWL | W65: 3 | X65: Tote bag | Y65: Túi vải | Z65: TTB | AA65: TTB | AC65: 1_GK | AD65: Double Side tee | AE65: DS | AF65: DST | AG65: Stop | AH65: DSP | AI65: Bordeaux | AJ65: BO | AK65: BOR | AL65: 40 | AM65: 100g | AN65: 100g
F66: 41 | G66: Ngôi nhà quận 8 | H66: D8 | I66: DI8 | Q66: 39 | R66: Sweatshirt long sleeves pocket | S66: Áo nỉ tay dài túi hai bên | U66: SWP | W66: 4 | X66: Handbag | Y66: Túi xách tay | Z66: HDB | AA66: HDB | AC66: 1_GK | AD66: Dragon | AE66: DR | AF66: DRA | AG66: Stop | AH66: DSP | AI66: Bright Red Black | AJ66: BR BK | AK66: BRB | AL66: 41 | AM66: 180g | AN66: 180g
F67: 42 | G67: Other | H67: OTH | I67: OTH | Q67: 40 | R67: Sweatshirt crop long sleeves | S67: Áo nỉ dáng ngắn tay dài | T67: SW-CR | U67: SWC | W67: 5 | X67: Crossbody bag | Y67: Túi đeo chéo | Z67: CR | AA67: CRB | AC67: 1_GK | AD67: Dragon Dong | AE67: DD | AF67: DDG | AG67: Stop | AH67: DSP | AI67: Bright Red Patina | AJ67: BR RE PA | AK67: BRP | AL67: 42 | AM67: 250g | AN67: 250g
F68: *3 ký tự | Q68: DRESS | W68: 6 | X68: Backpack | Y68: Balo | Z68: BP | AA68: BPB | AC68: 1_GK | AD68: Dragon Fruit | AE68: DF | AF68: DFT | AG68: Stop | AH68: DSP | AI68: Brown | AJ68: BR | AK68: BRO | AL68: 43 | AM68: 500g | AN68: 500g
Q69: 1 | R69: Bias Dress | S69: Đầm chéo | T69: BD | U69: DBI | W69: 7 | X69: Shoulder bag | Y69: Túi đeo vai | Z69: SB | AA69: SHB | AC69: 1_GK | AD69: Dragon Hotpot | AE69: DH | AF69: DHT | AH69: GK | AI69: Brown | AJ69: BR | AK69: BRO | AL69: 44 | AM69: 18 | AN69: 18
Q70: 2 | R70: Beach Dress Freesize | S70: Đầm đi biển | T70: D | U70: DFR | W70: 8 | X70: Shopping bag | Y70: Túi mua sắm | AA70: SOB | AC70: 1_GK | AD70: Dragon Lines | AE70: DL | AF70: DRL | AH70: DSP | AI70: Brown Purple Patina | AJ70: BR PU PA | AK70: BPP | AL70: 45 | AM70: 14 | AN70: 14
Q71: 3 | R71: Shift Dres | S71: Váy xuông | T71: F | U71: DSH | W71: 9 | X71: Cigar cover | Y71: Bao xì gà | Z71: CCR | AA71: CCR | AC71: 1_GK | AD71: Dragonflies | AE71: DRF | AF71: DRF | AH71: N'GO | AI71: BROWNIE | AJ71: B | AK71: BRO | AL71: 46 | AM71: BOX | AN71: BOX
Q72: 4 | R72: Straight Dress | S72: Váy xuông | T72: VK | U72: DST | W72: 10 | X72: Cigar box | Y72: Hộp xì gà | Z72: CBX | AA72: CBX | AC72: 1_GK | AD72: Duc Toc Bat Dat | AE72: DT | AF72: DUC | AG72: Stop | AH72: DSP | AI72: bugaro wash black | AJ72: BU WA BK | AK72: BWB | AL72: 47 | AM72: 40 | AN72: 40
Q73: 5 | R73: Slim Fit Dress Side Slit | S73: Váy ôm xẻ tà | T73: SF | U73: DSF | W73: 11 | X73: Card Holder | Y73: Ví nhỏ | Z73: CHR | AA73: CHR | AC73: 1_GK | AD73: Durian | AE73: DU | AF73: DUR | AG73: Stop | AH73: DSP | AI73: Bulgaro | AJ73: bul | AK73: bul | AL73: 48 | AM73: 55 | AN73: 55
Q74: BOTTOMS | W74: 12 | X74: Clutch | Y74: Ví cẩm tay | Z74: CLU | AA74: CLU | AC74: 1_GK | AD74: Elements | AE74: EL | AF74: ELE | AG74: Stop | AH74: DSP | AI74: Bulgaro Patina | AK74: BPA | AL74: 49 | AM74: 56 | AN74: 56
Q75: 1 | R75: Pants slim fit | S75: Quần cổ điển | T75: PA | U75: PAF | W75: 13 | X75: Wallet | Y75: Ví cẩm tay | Z75: WAL | AA75: WAL | AC75: 1_GK | AD75: Emperor | AE75: EM | AF75: EMP | AG75: Stop | AH75: DSP | AI75: Bulgaro Wash | AJ75: BU WA | AK75: BWH | AL75: 50 | AM75: 10CM | AN75: 10CM
Q76: 2 | R76: Pants Jogger | S76: Quần ống túm | U76: PAJ | W76: 14 | X76: Pen Case | Y76: Túi đựng bút | Z76: PCE | AA76: PCE | AC76: 1_GK | AD76: Enjoy | AE76: EJ | AF76: EJN | AG76: Stop | AH76: DSP | AI76: Burgundy | AJ76: BDG | AK76: BUR | AL76: 51 | AM76: 12CM | AN76: 12CM
Q77: 3 | R77: Wrap pants | S77: Quần đắp vạt | U77: PAW | W77: 15 | X77: Ipad Case | Y77: Túi đựng điện thoại | Z77: CASE | AA77: ICE | AC77: 1_GK | AD77: Fantastic Plastic | AE77: FP | AF77: FPC | AH77: DSP | AI77: Burgundy | AJ77: BU | AK77: BUR | AL77: 52 | AM77: 16CM | AN77: 16CM
Q78: 4 | R78: Ankle pants | S78: Quần lửng mắt cá ống rộng | U78: PAA | W78: 16 | X78: Passport Holder | Y78: Bao da hộ chiếu | Z78: PHR | AA78: PHR | AC78: 1_GK | AD78: Fighting Roosters | AE78: FRO | AF78: FRO | AH78: N'GO | AI78: BURGUNDY | AJ78: BUR | AK78: BUR | AL78: 53 | AM78: 17CM | AN78: 17CM
Q79: 5 | R79: Pants Side slit | S79: Quần ống rộng xẻ đùi | U79: PAS | W79: 17 | X79: Cosmetic Bag | Y79: Túi đựng mỹ phẩm | Z79: CBG | AA79: CBG | AC79: 1_GK | AD79: Fille Du Futur | AE79: FDF | AF79: FDF | AG79: Stop | AH79: DSP | AI79: BURGUNDY | AJ79: BUR | AK79: BUR | AL79: 54 | AM79: 18CM | AN79: 18CM
Q80: 6 | R80: Short men straight | S80: Quần lửng dáng thẳng | T80: SH | U80: SHS | W80: 18 | X80: Other bag | Y80: Túi xách | Z80: OTH | AA80: OTH | AC80: 1_GK | AD80: Five Element | AE80: FE | AF80: FEL | AG80: Stop | AH80: DSP | AI80: Burgundy Blak Midnight Blue | AJ80: BBM | AK80: BBM | AL80: 55 | AM80: 19CM | AN80: 19CM
Q81: 7 | R81: Short pocket | S81: Quần lửng có túi | T81: SHP | U81: SHP | W81: X> | X81: Fashion Jewelry | AC81: 1_GK | AD81: Five Fruit | AE81: FF | AF81: FFT | AG81: Stop | AH81: N'GO | AI81: Burgundy Blue | AJ81: BB | AK81: BBE | AL81: 56 | AM81: 20CM | AN81: 20CM
Q82: 8 | R82: Short women curved | S82: Quần short lưng vừa bo lai | T82: SHD | U82: SHD | W82: 1 | X82: Necklace | Y82: vòng cổ | Z82: NEC | AA82: NEC | AC82: 1_GK | AD82: Flacrane | AE82: FR | AF82: FLA | AH82: DSP | AI82: Burgundy Patina | AJ82: BU PA | AK82: BPA | AL82: 57 | AM82: A3 | AN82: A3
Q83: 9 | R83: High waist Short | S83: Quần short lưng cao | T83: SH-HB | U83: SHH | W83: 2 | X83: Bracelet | Y83: vòng tay | Z83: BR | AA83: BRA | AC83: 1_GK | AD83: Flying Fish | AE83: FL | AF83: FLH | AG83: Seasonal | AH83: DSP | AI83: Burgundy Patína | AJ83: BU PA | AK83: BPA | AL83: 58 | AM83: A1 | AN83: A1
Q84: 10 | R84: Slit Pencil Skirt | S84: Váy bút chì xẻ đùi | T84: SK | U84: SKS | W84: 3 | X84: Earrings | Y84: bông tai | Z84: EAR | AA84: EAR | AC84: 1_GK | AD84: Flying Stock | AE84: FS | AF84: FST | AH84: GK | AI84: Burt Orange | AJ84: BO | AK84: BOR | AL84: 59 | AM84: A2 | AN84: A2
Q85: 11 | R85: Sundress pocket | S85: Váy xòe xếp li có túi trước | T85: PT | U85: SKP | W85: 4 | X85: Ring | Y85: nhẫn | Z85: RIN | AA85: RIN | AC85: 1_GK | AD85: Flying Stork | AE85: FS | AF85: FSK | AG85: Seasonal | AH85: GK | AI85: Camel | AJ85: CA | AK85: CAM | AL85: 60 | AM85: A4 | AN85: A4
Q86: 12 | R86: BOXER | S86: Quần lót | T86: BX | U86: BOR | W86: XII> | X86: X> ACCESSERIES | Z86: ACC | AA86: ACC | AC86: 1_GK | AD86: Force | AE86: FC | AF86: FOR | AG86: Stop | AH86: DSP | AI86: Camelia | AJ86: CAM | AK86: CAM | AL86: 61 | AM86: A5 | AN86: A5
Q87: 13 | R87: SWIM WEAR | S87: Quần bơi | T87: SIW | U87: SWI | W87: 1 | X87: Belt | Y87: Thắt lưng | Z87: BEL | AA87: BEL | AC87: 1_GK | AD87: Forest | AE87: FO | AF87: FOT | AG87: Stop | AH87: DSP | AI87: Cappuccino | AJ87: CAPP | AK87: CAP | AL87: 62 | AM87: A3/A4/A5 | AN87: AG
P88: ACCESSORIES | Q88: HEAD WEAR | T88: HWR | U88: HWR | V88: Mũ, nón, băng đô, cột tóc,.. | W88: 2 | X88: Keychains | Y88: Móc khoá | Z88: KEY | AA88: KEY | AC88: 1_GK | AD88: French Flag | AE88: FF | AF88: FFG | AG88: Seasonal | AH88: DSP | AI88: Cappuccino | AJ88: CAP | AK88: CAP | AL88: 63 | AM88: BAG | AN88: BAG
Q89: FOOT WEAR | T89: FWR | U89: FWR | V89: Giày, dép,.. | W89: 3 | X89: Socks | Y89: Vớ | Z89: SOC | AA89: SOC | AC89: 1_GK | AD89: Gandhi | AE89: GD | AF89: GAN | AG89: Stop | AH89: DSP | AI89: Chestnut | AJ89: CHE | AK89: CHE | AL89: 64 | AM89: CAN | AN89: CAN
Q90: SCARVES | T90: SCA | U90: SCA | V90: Khăn quàng, khăn lụa, | W90: VI> | X90: SOUVENIRS & STATIONERY | Z90: SOU | AA90: SOU | AB90: Món đồ nhỉ có địa danh | AC90: 1_GK | AD90: Gao | AE90: GAO | AF90: GAO | AH90: DSP | AI90: Chestnut Patina | AJ90: CHE PA | AK90: CHA | AL90: 65 | AM90: 12oz | AN90: 12oz
Q91: BAGS | T91: BAG | U91: BAG | V91: Túi xách, ví, balol,… | W91: 1 | X91: Poscard | Y91: Bưu thiếp | Z91: POS | AA91: POS | AC91: 1_GK | AD91: Gecko | AE91: GK | AF91: GEC | AG91: Stop | AH91: DSP | AI91: CHO | AJ91: CHO | AK91: CHO | AL91: 66 | AM91: Plastic Jar | AN91: PLJ
Q92: FASHION JEWELRY | T92: JEW | U92: JEW | V92: Trang sức | W92: 2 | X92: Playing card | Y92: Bộ bài | Z92: PLC | AA92: PLC | AC92: 1_GK | AD92: Ghe Sup | AE92: GS | AF92: GSP | AG92: Seasonal | AH92: DSP | AI92: Chocolate | AJ92: CHO | AK92: CHO | AM92: 45 | AN92: 45
Q93: OTHER ACCESSORIES | T93: ACC | U93: ACC | V93: Mắt kính, tất, móc khoá,… | W93: 3 | X93: Hand Fan Holder | Y93: Giá dỡ quạt | Z93: HDF | AA93: HDH | AC93: 1_GK | AD93: GINKGO | AE93: GKO | AF93: GKO | AH93: DSP | AI93: Chocolate | AJ93: CHOCO | AK93: CHO | AM93: 46 | AN93: 46
P94: HOME & LIVING | Q94: HOME DÉCOR | T94: HDR | U94: HDR | W94: 4 | X94: Hand Fan Papper | Y94: Quạt giấy cầm tay | Z94: HF | AA94: HFP | AC94: 1_GK | AD94: GINKGO (Shopping BAG) | AE94: LOGO | AF94: LOG | AH94: DSP | AI94: Chocolate Marble | AJ94: CHO MA | AK94: CME | AM94: 47 | AN94: 47
Q95: ART | T95: ART | U95: ART | W95: 5 | X95: Hand Fan Satin | Y95: Quạt phi bóng cầm tay | Z95: SAT | AA95: HFS | AC95: 1_GK | AD95: Ginkgo 2 | AE95: GG2 | AF95: GK2 | AG95: Stop | AH95: DSP | AI95: Chocolate Patina | AJ95: CHO PA | AK95: CPA | AM95: 48 | AN95: 48
P96: LIFESTYLE & GIFTS | Q96: SOUVENIRS & STATIONERY | T96: SOU | U96: SOU | W96: 6 | X96: Luggage tag | Y96: Thẻ hành lý | Z96: LG | AA96: LUG | AC96: 1_GK | AD96: Ginkgo Biloba | AE96: GG | AF96: GBA | AG96: Stop | AH96: DSP | AI96: Cobalt | AJ96: CO | AK96: COB | AM96: 49 | AN96: 49
P97: HEALTH & BEAUTY | Q97: COSMETICS | T97: COS | U97: COS | W97: 7 | X97: Eye cover | Y97: Bịt mắt | Z97: EYES COVER | AA97: ECV | AC97: 1_GK | AD97: Ginkgo Culture Driven | AE97: GCD | AF97: GCD | AH97: DSP | AI97: Cobalt Midnight Blue | AJ97: CO MIBL | AK97: CMB | AM97: 50 | AN97: 50
P98: FOOD & FRINK | Q98: FOOD & FRINK | T98: FNB | U98: FNB | W98: 8 | X98: Mug | Y98: Ly sứ | Z98: MUG | AA98: MUG | AC98: 1_GK | AD98: Ginkgo fall | AE98: GF | AF98: GFL | AG98: Stop | AH98: DSP | AI98: Cobalt Midnight Blue | AJ98: CO ML | AK98: CMB | AM98: 51 | AN98: 51
W99: 9 | X99: Notebook Saddle Stitched | Y99: Sổ tay may chỉ giữa | Z99: NBS | AA99: NBS | AC99: 1_GK | AD99: Ginkgo Leaf | AE99: GL | AF99: GL1 | AG99: Stop | AH99: DSP | AI99: Cobalt Midnight Blue | AJ99: CO MB | AK99: CMB | AM99: 52 | AN99: 52
W100: 10 | X100: Notebook Perfect Bound | Y100: Sổ tay dán keo gáy | Z100: NBP | AA100: NBI | AC100: 1_GK | AD100: Ginkgo Leaf 2 | AE100: GL2 | AF100: GL2 | AG100: Signature | AH100: DSP | AI100: Cobalt Midnight Blue Wash | AJ100: CMBW | AK100: CMB | AM100: 53 | AN100: 53
W101: 11 | X101: Notebook Spiral Bound | Y101: Sổ tay lò xo | Z101: NBB | AA101: NBP | AC101: 1_GK | AD101: Ginkgo Leaf Pattern | AE101: GLP | AF101: GLP | AG101: Stop | AH101: DSP | AI101: Cobalt Patina | AJ101: COP | AK101: COP | AM101: 300ml | AN101: 300ml
W102: 12 | X102: Notebook cover | Y102: Bìa sổ | Z102: NBC | AA102: NBC | AC102: 1_GK | AD102: Ginkgo Leaf Veins | AE102: GLV | AF102: GLV | AH102: GK | AI102: Columbia | AJ102: CL | AK102: COL
W103: 13 | X103: Games | Y103: Đồ chơi | Z103: GM | AA103: GAM | AC103: 1_GK | AD103: Ginkgo Map | AE103: GP | AF103: GMP | AG103: Running Item | AH103: DSP | AI103: Cream | AJ103: CRM | AK103: CRE
W104: 14 | X104: Decorative Items | Y104: Đồ trang trí | Z104: DEC | AA104: DEC | AC104: 1_GK | AD104: Ginkgo Signal | AE104: GS | AF104: GSL | AG104: Limited | AH104: GK | AI104: Cream | AJ104: CR | AK104: CRE
...
